Step,Phi,Universe
10,-1.0996732842924213,Newtonian
20,-1.9559317634603135,Newtonian
30,-1.830439417691908,Newtonian
40,-1.797956790729452,Newtonian
50,-1.7828217657739596,Newtonian
60,-1.77402906204131,Newtonian
70,-1.7682717845694982,Newtonian
80,-1.764205326235951,Newtonian
90,-1.7611783444742326,Newtonian
100,-1.7588364979937947,Newtonian
110,-1.756970306223526,Newtonian
120,-1.7554479105355683,Newtonian
130,-1.754182133649705,Newtonian
140,-1.753113013786718,Newtonian
150,-1.7521979433945023,Newtonian
160,-1.7514058088530524,Newtonian
170,-1.7507133562541386,Newtonian
180,-1.750102854962186,Newtonian
190,-1.7495605483791246,Newtonian
200,-1.7490755987813709,Newtonian
210,-1.7486393515923138,Newtonian
220,-1.748244811635597,Newtonian
230,-1.7478862633462307,Newtonian
240,-1.7475589907783289,Newtonian
250,-1.747259068086308,Newtonian
260,-1.746983200609837,Newtonian
270,-1.7467286028496392,Newtonian
280,-1.7464929037111898,Newtonian
290,-1.7462740721599759,Newtonian
300,-1.7460703583345156,Newtonian
310,-1.7458802464917123,Newtonian
320,-1.745702417099754,Newtonian
330,-1.7455357160681975,Newtonian
340,-1.7453791295947332,Newtonian
350,-1.7452317634673415,Newtonian
360,-1.7450928259273124,Newtonian
370,-1.7449616133980428,Newtonian
380,-1.744837498535562,Newtonian
390,-1.7447199201715569,Newtonian
400,-1.7446083748081622,Newtonian
410,-1.74450240939206,Newtonian
420,-1.744401615148852,Newtonian
430,-1.7443056223004485,Newtonian
440,-1.7442140955213639,Newtonian
450,-1.744126730016044,Newtonian
460,-1.744043248120366,Newtonian
470,-1.7439633963473553,Newtonian
480,-1.7438869428108295,Newtonian
490,-1.7438136749717024,Newtonian
500,-1.7437433976607537,Newtonian
510,-1.7436759313391168,Newtonian
520,-1.7436111105637395,Newtonian
530,-1.7435487826302105,Newtonian
540,-1.7434888063694811,Newtonian
550,-1.7434310510784592,Newtonian
560,-1.7433753955674665,Newtonian
570,-1.7433217273098738,Newtonian
580,-1.743269941681382,Newtonian
590,-1.743219941278091,Newtonian
600,-1.7431716353040143,Newtonian
610,-1.7431249390199057,Newtonian
620,-1.7430797732463648,Newtonian
630,-1.743036063915085,Newtonian
640,-1.7429937416628785,Newtonian
650,-1.742952741463813,Newtonian
660,-1.7429130022953232,Newtonian
670,-1.7428744668347147,Newtonian
680,-1.7428370811828704,Newtonian
690,-1.742800794612353,Newtonian
700,-1.7427655593374252,Newtonian
710,-1.742731330303828,Newtonian
720,-1.7426980649962884,Newtonian
730,-1.7426657232621232,Newtonian
740,-1.7426342671493382,Newtonian
750,-1.7426036607578506,Newtonian
760,-1.7425738701026403,Newtonian
770,-1.742544862987699,Newtonian
780,-1.742516608889821,Newtonian
790,-1.7424890788513188,Newtonian
800,-1.7424622453809102,Newtonian
810,-1.74243608236204,Newtonian
820,-1.7424105649679789,Newtonian
830,-1.7423856695831594,Newtonian
840,-1.742361373730198,Newtonian
850,-1.74233765600211,Newtonian
860,-1.7423144959993464,Newtonian
870,-1.742291874271198,Newtonian
880,-1.742269772261251,Newtonian
890,-1.7422481722565721,Newtonian
900,-1.7422270573403016,Newtonian
910,-1.7422064113474225,Newtonian
920,-1.7421862188234525,Newtonian
930,-1.742166464985803,Newtonian
940,-1.7421471356876703,Newtonian
950,-1.7421282173841963,Newtonian
960,-1.7421096971007963,Newtonian
970,-1.7420915624034436,Newtonian
980,-1.7420738013708086,Newtonian
990,-1.7420564025680965,Newtonian
1000,-1.7420393550224733,Newtonian
1010,-1.7420226481999654,Newtonian
1020,-1.7420062719837364,Newtonian
1030,-1.7419902166536334,Newtonian
1040,-1.741974472866927,Newtonian
1050,-1.7419590316401738,Newtonian
1060,-1.7419438843321058,Newtonian
1070,-1.7419290226274813,Newtonian
1080,-1.7419144385218568,Newtonian
1090,-1.7419001243072023,Newtonian
1100,-1.7418860725582912,Newtonian
1110,-1.7418722761198606,Newtonian
1120,-1.7418587280944406,Newtonian
1130,-1.741845421830853,Newtonian
1140,-1.741832350913308,Newtonian
1150,-1.741819509151084,Newtonian
1160,-1.741806890568743,Newtonian
1170,-1.7417944893968476,Newtonian
1180,-1.7417823000631665,Newtonian
1190,-1.7417703171843082,Newtonian
1200,-1.7417585355577965,Newtonian
1210,-1.7417469501545242,Newtonian
1220,-1.7417355561116026,Newtonian
1230,-1.7417243487255338,Newtonian
1240,-1.7417133234457443,Newtonian
1250,-1.7417024758684152,Newtonian
1260,-1.7416918017306122,Newtonian
1270,-1.7416812969046929,Newtonian
1280,-1.741670957392991,Newtonian
1290,-1.741660779322727,Newtonian
1300,-1.7416507589411767,Newtonian
1310,-1.7416408926110514,Newtonian
1320,-1.7416311768060944,Newtonian
1330,-1.741621608106872,Newtonian
1340,-1.7416121831967628,Newtonian
1350,-1.7416028988581183,Newtonian
1360,-1.7415937519685996,Newtonian
1370,-1.7415847394976747,Newtonian
1380,-1.741575858503268,Newtonian
1390,-1.7415671061285523,Newtonian
1400,-1.7415584795988903,Newtonian
1410,-1.741549976218892,Newtonian
1420,-1.7415415933696106,Newtonian
1430,-1.7415333285058454,Newtonian
1440,-1.7415251791535726,Newtonian
1450,-1.7415171429074676,Newtonian
1460,-1.741509217428533,Newtonian
1470,-1.7415014004418414,Newtonian
1480,-1.7414936897343423,Newtonian
1490,-1.7414860831527803,Newtonian
1500,-1.7414785786016787,Newtonian
1510,-1.741471174041434,Newtonian
1520,-1.7414638674864453,Newtonian
1530,-1.7414566570033518,Newtonian
1540,-1.7414495407093153,Newtonian
1550,-1.7414425167703877,Newtonian
1560,-1.7414355833999375,Newtonian
1570,-1.7414287388571208,Newtonian
1580,-1.7414219814454364,Newtonian
1590,-1.7414153095113145,Newtonian
1600,-1.7414087214427731,Newtonian
1610,-1.741402215668114,Newtonian
1620,-1.7413957906546724,Newtonian
1630,-1.7413894449076157,Newtonian
1640,-1.741383176968781,Newtonian
1650,-1.7413769854155547,Newtonian
1660,-1.7413708688598022,Newtonian
1670,-1.7413648259468266,Newtonian
1680,-1.7413588553543617,Newtonian
1690,-1.7413529557916214,Newtonian
1700,-1.74134712599835,Newtonian
1710,-1.7413413647439389,Newtonian
1720,-1.7413356708265566,Newtonian
1730,-1.7413300430723084,Newtonian
1740,-1.741324480334431,Newtonian
1750,-1.7413189814925167,Newtonian
1760,-1.7413135454517552,Newtonian
1770,-1.7413081711422094,Newtonian
1780,-1.7413028575181158,Newtonian
1790,-1.7412976035571994,Newtonian
1800,-1.7412924082600187,Newtonian
1810,-1.7412872706493405,Newtonian
1820,-1.7412821897695132,Newtonian
1830,-1.7412771646858822,Newtonian
1840,-1.7412721944842189,Newtonian
1850,-1.7412672782701581,Newtonian
1860,-1.7412624151686615,Newtonian
1870,-1.7412576043235106,Newtonian
1880,-1.7412528448967914,Newtonian
1890,-1.7412481360684064,Newtonian
1900,-1.7412434770356087,Newtonian
1910,-1.7412388670125527,Newtonian
1920,-1.7412343052298376,Newtonian
1930,-1.7412297909340881,Newtonian
1940,-1.741225323387534,Newtonian
1950,-1.7412209018676124,Newtonian
1960,-1.7412165256665788,Newtonian
1970,-1.7412121940911267,Newtonian
1980,-1.741207906462016,Newtonian
1990,-1.74120366211373,Newtonian
2000,-1.7411994603941214,Newtonian
2010,-1.7411953006640817,Newtonian
2020,-1.7411911822972104,Newtonian
2030,-1.7411871046795198,Newtonian
2040,-1.7411830672090987,Newtonian
2050,-1.7411790692958449,Newtonian
2060,-1.7411751103611641,Newtonian
2070,-1.7411711898376923,Newtonian
2080,-1.7411673071690192,Newtonian
2090,-1.7411634618094383,Newtonian
2100,-1.7411596532236815,Newtonian
2110,-1.7411558808866678,Newtonian
2120,-1.7411521442832734,Newtonian
2130,-1.7411484429080804,Newtonian
2140,-1.7411447762651702,Newtonian
2150,-1.7411411438678797,Newtonian
2160,-1.7411375452386042,Newtonian
2170,-1.741133979908578,Newtonian
2180,-1.7411304474176676,Newtonian
2190,-1.7411269473141877,Newtonian
2200,-1.7411234791546932,Newtonian
2210,-1.7411200425038005,Newtonian
2220,-1.7411166369340034,Newtonian
2230,-1.741113262025497,Newtonian
2240,-1.7411099173659985,Newtonian
2250,-1.7411066025505912,Newtonian
2260,-1.7411033171815489,Newtonian
2270,-1.741100060868186,Newtonian
2280,-1.741096833226694,Newtonian
2290,-1.7410936338799998,Newtonian
2300,-1.7410904624576118,Newtonian
2310,-1.7410873185954796,Newtonian
2320,-1.7410842019358523,Newtonian
2330,-1.7410811121271481,Newtonian
2340,-1.7410780488238173,Newtonian
2350,-1.7410750116862117,Newtonian
2360,-1.7410720003804685,Newtonian
2370,-1.7410690145783756,Newtonian
2380,-1.7410660539572638,Newtonian
2390,-1.7410631181998737,Newtonian
2400,-1.7410602069942693,Newtonian
2410,-1.741057320033699,Newtonian
2420,-1.741054457016506,Newtonian
2430,-1.741051617646016,Newtonian
2440,-1.741048801630438,Newtonian
2450,-1.7410460086827597,Newtonian
2460,-1.7410432385206553,Newtonian
2470,-1.741040490866387,Newtonian
2480,-1.7410377654467137,Newtonian
2490,-1.7410350619927988,Newtonian
2500,-1.7410323802401237,Newtonian
2510,-1.7410297199283984,Newtonian
2520,-1.741027080801482,Newtonian
2530,-1.7410244626072964,Newtonian
2540,-1.741021865097743,Newtonian
2550,-1.7410192880286408,Newtonian
2560,-1.741016731159625,Newtonian
2570,-1.7410141942540902,Newtonian
2580,-1.7410116770791142,Newtonian
2590,-1.7410091794053806,Newtonian
2600,-1.7410067010071144,Newtonian
2610,-1.7410042416620126,Newtonian
2620,-1.74100180115118,Newtonian
2630,-1.7409993792590623,Newtonian
2640,-1.7409969757733763,Newtonian
2650,-1.740994590485059,Newtonian
2660,-1.740992223188203,Newtonian
2670,-1.7409898736799934,Newtonian
2680,-1.7409875417606506,Newtonian
2690,-1.7409852272333803,Newtonian
2700,-1.7409829299043111,Newtonian
2710,-1.740980649582443,Newtonian
2720,-1.740978386079592,Newtonian
2730,-1.7409761392103449,Newtonian
2740,-1.7409739087919998,Newtonian
2750,-1.7409716946445226,Newtonian
2760,-1.740969496590494,Newtonian
2770,-1.7409673144550732,Newtonian
2780,-1.7409651480659376,Newtonian
2790,-1.7409629972532399,Newtonian
2800,-1.7409608618495738,Newtonian
2810,-1.7409587416899168,Newtonian
2820,-1.7409566366116,Newtonian
2830,-1.7409545464542575,Newtonian
2840,-1.7409524710597932,Newtonian
2850,-1.7409504102723334,Newtonian
2860,-1.7409483639381904,Newtonian
2870,-1.7409463319058267,Newtonian
2880,-1.7409443140258214,Newtonian
2890,-1.740942310150815,Newtonian
2900,-1.740940320135499,Newtonian
2910,-1.7409383438365658,Newtonian
2920,-1.7409363811126728,Newtonian
2930,-1.740934431824413,Newtonian
2940,-1.7409324958342896,Newtonian
2950,-1.7409305730066662,Newtonian
2960,-1.7409286632077505,Newtonian
2970,-1.7409267663055537,Newtonian
2980,-1.7409248821698688,Newtonian
2990,-1.7409230106722318,Newtonian
3000,-1.740921151685899,Newtonian
3010,-1.740919305085813,Newtonian
3020,-1.7409174707485813,Newtonian
3030,-1.7409156485524424,Newtonian
3040,-1.7409138383772444,Newtonian
3050,-1.740912040104414,Newtonian
3060,-1.740910253616931,Newtonian
3070,-1.7409084787993054,Newtonian
3080,-1.740906715537552,Newtonian
3090,-1.7409049637191658,Newtonian
3100,-1.7409032232330957,Newtonian
3110,-1.740901493969725,Newtonian
3120,-1.7408997758208449,Newtonian
3130,-1.7408980686796354,Newtonian
3140,-1.7408963724406363,Newtonian
3150,-1.7408946869997364,Newtonian
3160,-1.7408930122541428,Newtonian
3170,-1.7408913481023611,Newtonian
3180,-1.7408896944441843,Newtonian
3190,-1.7408880511806584,Newtonian
3200,-1.7408864182140724,Newtonian
3210,-1.740884795447935,Newtonian
3220,-1.740883182786961,Newtonian
3230,-1.740881580137041,Newtonian
3240,-1.7408799874052385,Newtonian
3250,-1.7408784044997578,Newtonian
3260,-1.740876831329935,Newtonian
3270,-1.7408752678062194,Newtonian
3280,-1.7408737138401567,Newtonian
3290,-1.7408721693443614,Newtonian
3300,-1.7408706342325257,Newtonian
3310,-1.7408691084193715,Newtonian
3320,-1.7408675918206629,Newtonian
3330,-1.7408660843531714,Newtonian
3340,-1.7408645859346692,Newtonian
3350,-1.74086309648392,Newtonian
3360,-1.7408616159206443,Newtonian
3370,-1.7408601441655285,Newtonian
3380,-1.7408586811401954,Newtonian
3390,-1.7408572267671956,Newtonian
3400,-1.7408557809699936,Newtonian
3410,-1.7408543436729542,Newtonian
3420,-1.7408529148013312,Newtonian
3430,-1.740851494281245,Newtonian
3440,-1.7408500820396866,Newtonian
3450,-1.74084867800449,Newtonian
3460,-1.7408472821043255,Newtonian
3470,-1.7408458942686897,Newtonian
3480,-1.7408445144278917,Newtonian
3490,-1.7408431425130382,Newtonian
3500,-1.7408417784560302,Newtonian
3510,-1.7408404221895455,Newtonian
3520,-1.7408390736470232,Newtonian
3530,-1.740837732762665,Newtonian
3540,-1.7408363994714142,Newtonian
3550,-1.7408350737089537,Newtonian
3560,-1.740833755411686,Newtonian
3570,-1.740832444516726,Newtonian
3580,-1.7408311409619013,Newtonian
3590,-1.7408298446857258,Newtonian
3600,-1.7408285556274028,Newtonian
3610,-1.740827273726809,Newtonian
3620,-1.7408259989244876,Newtonian
3630,-1.7408247311616374,Newtonian
3640,-1.7408234703801073,Newtonian
3650,-1.740822216522384,Newtonian
3660,-1.7408209695315835,Newtonian
3670,-1.740819729351443,Newtonian
3680,-1.740818495926312,Newtonian
3690,-1.7408172692011485,Newtonian
3700,-1.7408160491215041,Newtonian
3710,-1.7408148356335187,Newtonian
3720,-1.7408136286839135,Newtonian
3730,-1.7408124282199826,Newtonian
3740,-1.7408112341895825,Newtonian
3750,-1.7408100465411291,Newtonian
3760,-1.7408088652235902,Newtonian
3770,-1.7408076901864766,Newtonian
3780,-1.7408065213798278,Newtonian
3790,-1.7408053587542232,Newtonian
3800,-1.7408042022607495,Newtonian
3810,-1.7408030518510196,Newtonian
3820,-1.7408019074771472,Newtonian
3830,-1.740800769091755,Newtonian
3840,-1.7407996366479535,Newtonian
3850,-1.7407985100993406,Newtonian
3860,-1.7407973894000048,Newtonian
3870,-1.740796274504498,Newtonian
3880,-1.7407951653678517,Newtonian
3890,-1.7407940619455566,Newtonian
3900,-1.7407929641935633,Newtonian
3910,-1.7407918720682691,Newtonian
3920,-1.740790785526522,Newtonian
3930,-1.740789704525611,Newtonian
3940,-1.7407886290232517,Newtonian
3950,-1.7407875589775996,Newtonian
3960,-1.7407864943472238,Newtonian
3970,-1.7407854350911196,Newtonian
3980,-1.740784381168694,Newtonian
3990,-1.7407833325397566,Newtonian
4000,-1.740782289164523,Newtonian
4010,-1.7407812510036096,Newtonian
4020,-1.7407802180180183,Newtonian
4030,-1.7407791901691492,Newtonian
4040,-1.7407781674187741,Newtonian
4050,-1.7407771497290503,Newtonian
4060,-1.7407761370625068,Newtonian
4070,-1.7407751293820426,Newtonian
4080,-1.7407741266509176,Newtonian
4090,-1.7407731288327597,Newtonian
4100,-1.7407721358915424,Newtonian
4110,-1.740771147791596,Newtonian
4120,-1.7407701644975966,Newtonian
4130,-1.7407691859745686,Newtonian
4140,-1.740768212187864,Newtonian
4150,-1.7407672431031789,Newtonian
4160,-1.7407662786865352,Newtonian
4170,-1.740765318904286,Newtonian
4180,-1.7407643637230996,Newtonian
4190,-1.7407634131099698,Newtonian
4200,-1.7407624670322,Newtonian
4210,-1.740761525457414,Newtonian
4220,-1.7407605883535315,Newtonian
4230,-1.7407596556887814,Newtonian
4240,-1.7407587274316954,Newtonian
4250,-1.740757803551099,Newtonian
4260,-1.7407568840161132,Newtonian
4270,-1.7407559687961467,Newtonian
4280,-1.7407550578608961,Newtonian
4290,-1.740754151180338,Newtonian
4300,-1.7407532487247306,Newtonian
4310,-1.7407523504646136,Newtonian
4320,-1.7407514563707909,Newtonian
4330,-1.7407505664143443,Newtonian
4340,-1.7407496805666212,Newtonian
4350,-1.7407487987992278,Newtonian
4360,-1.7407479210840369,Newtonian
4370,-1.7407470473931774,Newtonian
4380,-1.740746177699034,Newtonian
4390,-1.7407453119742402,Newtonian
4400,-1.7407444501916853,Newtonian
4410,-1.7407435923244974,Newtonian
4420,-1.7407427383460532,Newtonian
4430,-1.7407418882299697,Newtonian
4440,-1.7407410419501022,Newtonian
4450,-1.7407401994805372,Newtonian
4460,-1.7407393607955979,Newtonian
4470,-1.740738525869839,Newtonian
4480,-1.7407376946780428,Newtonian
4490,-1.7407368671952095,Newtonian
4500,-1.740736043396572,Newtonian
4510,-1.7407352232575772,Newtonian
4520,-1.7407344067538901,Newtonian
4530,-1.7407335938613928,Newtonian
4540,-1.740732784556178,Newtonian
4550,-1.7407319788145534,Newtonian
4560,-1.7407311766130316,Newtonian
4570,-1.7407303779283272,Newtonian
4580,-1.740729582737368,Newtonian
4590,-1.7407287910172742,Newtonian
4600,-1.740728002745371,Newtonian
4610,-1.7407272178991804,Newtonian
4620,-1.740726436456415,Newtonian
4630,-1.7407256583949864,Newtonian
4640,-1.7407248836929903,Newtonian
4650,-1.7407241123287156,Newtonian
4660,-1.7407233442806374,Newtonian
4670,-1.7407225795274157,Newtonian
4680,-1.7407218180478916,Newtonian
4690,-1.7407210598210878,Newtonian
4700,-1.740720304826207,Newtonian
4710,-1.7407195530426274,Newtonian
4720,-1.740718804449903,Newtonian
4730,-1.7407180590277582,Newtonian
4740,-1.7407173167560939,Newtonian
4750,-1.7407165776149793,Newtonian
4760,-1.7407158415846447,Newtonian
4770,-1.740715108645499,Newtonian
4780,-1.7407143787781003,Newtonian
4790,-1.7407136519631838,Newtonian
4800,-1.7407129281816351,Newtonian
4810,-1.740712207414504,Newtonian
4820,-1.7407114896429985,Newtonian
4830,-1.7407107748484774,Newtonian
4840,-1.7407100630124597,Newtonian
4850,-1.7407093541166119,Newtonian
4860,-1.7407086481427563,Newtonian
4870,-1.7407079450728618,Newtonian
4880,-1.7407072448890468,Newtonian
4890,-1.7407065475735746,Newtonian
4900,-1.740705853108857,Newtonian
4910,-1.7407051614774451,Newtonian
4920,-1.740704472662035,Newtonian
4930,-1.7407037866454602,Newtonian
4940,-1.740703103410698,Newtonian
4950,-1.7407024229408592,Newtonian
4960,-1.7407017452191946,Newtonian
4970,-1.7407010702290882,Newtonian
4980,-1.740700397954057,Newtonian
4990,-1.7406997283777526,Newtonian
5000,-1.7406990614839535,Newtonian
5010,-1.7406983837264163,Newtonian
5020,-1.74069770872828,Newtonian
5030,-1.7406970364727248,Newtonian
5040,-1.7406963669430715,Newtonian
5050,-1.7406957001227694,Newtonian
5060,-1.7406950359954059,Newtonian
5070,-1.7406943745447043,Newtonian
5080,-1.7406937157545104,Newtonian
5090,-1.7406930596088028,Newtonian
5100,-1.7406924060916942,Newtonian
5110,-1.7406917551874135,Newtonian
5120,-1.740691106880327,Newtonian
5130,-1.7406904611549197,Newtonian
5140,-1.7406898179957992,Newtonian
5150,-1.740689177387694,Newtonian
5160,-1.7406885393154607,Newtonian
5170,-1.7406879037640643,Newtonian
5180,-1.7406872707186027,Newtonian
5190,-1.7406866401642784,Newtonian
5200,-1.7406860120864152,Newtonian
5210,-1.7406853864704515,Newtonian
5220,-1.7406847633019418,Newtonian
5230,-1.7406841425665516,Newtonian
5240,-1.740683524250056,Newtonian
5250,-1.740682908338344,Newtonian
5260,-1.7406822948174112,Newtonian
5270,-1.7406816836733676,Newtonian
5280,-1.7406810748924237,Newtonian
5290,-1.740680468460899,Newtonian
5300,-1.7406798643652182,Newtonian
5310,-1.7406792625919112,Newtonian
5320,-1.7406786631276154,Newtonian
5330,-1.7406780659590588,Newtonian
5340,-1.740677471073082,Newtonian
5350,-1.7406768784566211,Newtonian
5360,-1.7406762880967153,Newtonian
5370,-1.7406756999804966,Newtonian
5380,-1.7406751140951988,Newtonian
5390,-1.7406745304281526,Newtonian
5400,-1.740673948966781,Newtonian
5410,-1.7406733696986054,Newtonian
5420,-1.740672792611241,Newtonian
5430,-1.7406722176923923,Newtonian
5440,-1.740671644929861,Newtonian
5450,-1.7406710743115383,Newtonian
5460,-1.740670505825403,Newtonian
5470,-1.7406699394595269,Newtonian
5480,-1.7406693752020712,Newtonian
5490,-1.740668813041281,Newtonian
5500,-1.7406682529654935,Newtonian
5510,-1.7406676949631295,Newtonian
5520,-1.7406671390226953,Newtonian
5530,-1.7406665851327825,Newtonian
5540,-1.7406660332820698,Newtonian
5550,-1.7406654834593127,Newtonian
5560,-1.7406649356533515,Newtonian
5570,-1.740664389853111,Newtonian
5580,-1.7406638460475963,Newtonian
5590,-1.7406633042258917,Newtonian
5600,-1.7406627643771604,Newtonian
5610,-1.7406622264906437,Newtonian
5620,-1.7406616905556656,Newtonian
5630,-1.7406611565616203,Newtonian
5640,-1.7406606244979845,Newtonian
5650,-1.7406600943543087,Newtonian
5660,-1.7406595661202187,Newtonian
5670,-1.7406590397854151,Newtonian
5680,-1.7406585153396714,Newtonian
5690,-1.7406579927728374,Newtonian
5700,-1.7406574720748318,Newtonian
5710,-1.7406569532356457,Newtonian
5720,-1.7406564362453472,Newtonian
5730,-1.7406559210940658,Newtonian
5740,-1.7406554077720098,Newtonian
5750,-1.740654896269451,Newtonian
5760,-1.740654386576732,Newtonian
5770,-1.7406538786842636,Newtonian
5780,-1.740653372582527,Newtonian
5790,-1.740652868262066,Newtonian
5800,-1.740652365713491,Newtonian
5810,-1.7406518649274816,Newtonian
5820,-1.7406513658947804,Newtonian
5830,-1.7406508686061974,Newtonian
5840,-1.7406503730526004,Newtonian
5850,-1.7406498792249292,Newtonian
5860,-1.7406493871141786,Newtonian
5870,-1.7406488967114142,Newtonian
5880,-1.7406484080077569,Newtonian
5890,-1.7406479209943895,Newtonian
5900,-1.740647435662558,Newtonian
5910,-1.7406469520035703,Newtonian
5920,-1.7406464700087914,Newtonian
5930,-1.7406459896696433,Newtonian
5940,-1.7406455109776133,Newtonian
5950,-1.740645033924242,Newtonian
5960,-1.740644558501128,Newtonian
5970,-1.7406440846999307,Newtonian
5980,-1.7406436125123634,Newtonian
5990,-1.7406431419301946,Newtonian
6000,-1.740642672945253,Newtonian
6010,-1.740642205549417,Newtonian
6020,-1.7406417397346277,Newtonian
6030,-1.7406412754928724,Newtonian
6040,-1.7406408128161976,Newtonian
6050,-1.7406403516967013,Newtonian
6060,-1.7406398921265345,Newtonian
6070,-1.7406394340979034,Newtonian
6080,-1.740638977603066,Newtonian
6090,-1.7406385226343235,Newtonian
6100,-1.7406380691840426,Newtonian
6110,-1.7406376172446303,Newtonian
6120,-1.740637166808549,Newtonian
6130,-1.7406367178683075,Newtonian
6140,-1.740636270416472,Newtonian
6150,-1.7406358244456472,Newtonian
6160,-1.7406353799484955,Newtonian
6170,-1.7406349369177205,Newtonian
6180,-1.7406344953460808,Newtonian
6190,-1.7406340552263777,Newtonian
6200,-1.7406336165514615,Newtonian
6210,-1.7406331793142304,Newtonian
6220,-1.7406327435076272,Newtonian
6230,-1.7406323091246414,Newtonian
6240,-1.7406318761583086,Newtonian
6250,-1.7406314446017108,Newtonian
6260,-1.7406310144479735,Newtonian
6270,-1.7406305856902657,Newtonian
6280,-1.7406301583218007,Newtonian
6290,-1.7406297323358422,Newtonian
6300,-1.7406293077256871,Newtonian
6310,-1.7406288844846842,Newtonian
6320,-1.7406284626062203,Newtonian
6330,-1.7406280420837255,Newtonian
6340,-1.7406276229106743,Newtonian
6350,-1.7406272050805784,Newtonian
6360,-1.7406267885869966,Newtonian
6370,-1.740626373423525,Newtonian
6380,-1.7406259595838027,Newtonian
6390,-1.7406255470615108,Newtonian
6400,-1.7406251358503622,Newtonian
6410,-1.740624725944118,Newtonian
6420,-1.7406243173365783,Newtonian
6430,-1.740623910021578,Newtonian
6440,-1.7406235039929963,Newtonian
6450,-1.7406230992447471,Newtonian
6460,-1.7406226957707827,Newtonian
6470,-1.7406222935650943,Newtonian
6480,-1.7406218926217139,Newtonian
6490,-1.740621492934706,Newtonian
6500,-1.7406210944981733,Newtonian
6510,-1.7406206973062592,Newtonian
6520,-1.740620301353138,Newtonian
6530,-1.740619906633023,Newtonian
6540,-1.7406195131401652,Newtonian
6550,-1.740619120868849,Newtonian
6560,-1.7406187298133953,Newtonian
6570,-1.7406183399681574,Newtonian
6580,-1.7406179513275275,Newtonian
6590,-1.7406175638859325,Newtonian
6600,-1.740617177637827,Newtonian
6610,-1.7406167925777114,Newtonian
6620,-1.740616408700107,Newtonian
6630,-1.740616025999577,Newtonian
6640,-1.7406156444707162,Newtonian
6650,-1.740615264108151,Newtonian
6660,-1.7406148849065413,Newtonian
6670,-1.7406145068605796,Newtonian
6680,-1.7406141299649935,Newtonian
6690,-1.7406137542145381,Newtonian
6700,-1.740613379603999,Newtonian
6710,-1.740613006128201,Newtonian
6720,-1.740612633781993,Newtonian
6730,-1.7406122625602622,Newtonian
6740,-1.7406118924579161,Newtonian
6750,-1.7406115234699029,Newtonian
6760,-1.7406111555911956,Newtonian
6770,-1.740610788816801,Newtonian
6780,-1.7406104231417532,Newtonian
6790,-1.7406100585611175,Newtonian
6800,-1.7406096950699852,Newtonian
6810,-1.7406093326634813,Newtonian
6820,-1.740608971336757,Newtonian
6830,-1.7406086110849943,Newtonian
6840,-1.7406082519034067,Newtonian
6850,-1.7406078937872265,Newtonian
6860,-1.7406075367317215,Newtonian
6870,-1.740607180732191,Newtonian
6880,-1.7406068257839522,Newtonian
6890,-1.7406064718823555,Newtonian
6900,-1.740606119022779,Newtonian
6910,-1.74060576720063,Newtonian
6920,-1.7406054164113356,Newtonian
6930,-1.7406050666503543,Newtonian
6940,-1.740604717913174,Newtonian
6950,-1.7406043701953042,Newtonian
6960,-1.7406040234922824,Newtonian
6970,-1.740603677799671,Newtonian
6980,-1.7406033331130586,Newtonian
6990,-1.740602989428065,Newtonian
7000,-1.7406026467403257,Newtonian
7010,-1.7406023050455064,Newtonian
7020,-1.7406019643392991,Newtonian
7030,-1.7406016246174218,Newtonian
7040,-1.7406012858756095,Newtonian
7050,-1.7406009481096327,Newtonian
7060,-1.7406006113152759,Newtonian
7070,-1.7406002754883538,Newtonian
7080,-1.7405999406247052,Newtonian
7090,-1.7405996067201905,Newtonian
7100,-1.7405992737706932,Newtonian
7110,-1.7405989417721242,Newtonian
7120,-1.7405986107204134,Newtonian
7130,-1.7405982806115188,Newtonian
7140,-1.740597951441415,Newtonian
7150,-1.7405976232061031,Newtonian
7160,-1.7405972959016087,Newtonian
7170,-1.7405969695239762,Newtonian
7180,-1.7405966440692748,Newtonian
7190,-1.740596319533593,Newtonian
7200,-1.7405959959130473,Newtonian
7210,-1.7405956732037684,Newtonian
7220,-1.7405953514019148,Newtonian
7230,-1.740595030503664,Newtonian
7240,-1.7405947105052155,Newtonian
7250,-1.7405943914027877,Newtonian
7260,-1.7405940731926253,Newtonian
7270,-1.7405937558709896,Newtonian
7280,-1.740593439434163,Newtonian
7290,-1.740593123878453,Newtonian
7300,-1.7405928092001814,Newtonian
7310,-1.740592495395695,Newtonian
7320,-1.7405921824613577,Newtonian
7330,-1.740591870393557,Newtonian
7340,-1.7405915591886985,Newtonian
7350,-1.7405912488432045,Newtonian
7360,-1.740590939353525,Newtonian
7370,-1.7405906307161223,Newtonian
7380,-1.740590322927478,Newtonian
7390,-1.740590015984099,Newtonian
7400,-1.7405897098825078,Newtonian
7410,-1.7405894046192458,Newtonian
7420,-1.7405891001908729,Newtonian
7430,-1.7405887965939688,Newtonian
7440,-1.7405884938251328,Newtonian
7450,-1.7405881918809798,Newtonian
7460,-1.7405878907581447,Newtonian
7470,-1.7405875904532828,Newtonian
7480,-1.740587290963065,Newtonian
7490,-1.7405869922841783,Newtonian
7500,-1.740586694413334,Newtonian
7510,-1.7405863973472537,Newtonian
7520,-1.7405861010826826,Newtonian
7530,-1.740585805616382,Newtonian
7540,-1.7405855109451276,Newtonian
7550,-1.7405852170657152,Newtonian
7560,-1.7405849239749567,Newtonian
7570,-1.7405846316696834,Newtonian
7580,-1.7405843401467407,Newtonian
7590,-1.7405840494029907,Newtonian
7600,-1.7405837594353148,Newtonian
7610,-1.7405834702406084,Newtonian
7620,-1.7405831818157875,Newtonian
7630,-1.7405828941577792,Newtonian
7640,-1.740582607263532,Newtonian
7650,-1.7405823211300055,Newtonian
7660,-1.7405820357541784,Newtonian
7670,-1.7405817511330466,Newtonian
7680,-1.740581467263617,Newtonian
7690,-1.7405811841429188,Newtonian
7700,-1.740580901767991,Newtonian
7710,-1.7405806201358929,Newtonian
7720,-1.7405803392436952,Newtonian
7730,-1.7405800590884888,Newtonian
7740,-1.740579779667372,Newtonian
7750,-1.740579500977468,Newtonian
7760,-1.7405792230159067,Newtonian
7770,-1.7405789457798382,Newtonian
7780,-1.740578669266426,Newtonian
7790,-1.7405783934728467,Newtonian
7800,-1.7405781183962967,Newtonian
7810,-1.740577844033979,Newtonian
7820,-1.7405775703831152,Newtonian
7830,-1.7405772974409441,Newtonian
7840,-1.740577025204715,Newtonian
7850,-1.7405767536716923,Newtonian
7860,-1.7405764828391546,Newtonian
7870,-1.7405762127043956,Newtonian
7880,-1.7405759432647223,Newtonian
7890,-1.7405756745174545,Newtonian
7900,-1.7405754064599261,Newtonian
7910,-1.7405751390894868,Newtonian
7920,-1.7405748724034962,Newtonian
7930,-1.7405746063993306,Newtonian
7940,-1.7405743410743775,Newtonian
7950,-1.7405740764260387,Newtonian
7960,-1.7405738124517314,Newtonian
7970,-1.740573549148881,Newtonian
7980,-1.7405732865149297,Newtonian
7990,-1.740573024547333,Newtonian
8000,-1.7405727632435544,Newtonian
10,2.4690204203613764,PIT
20,-1.241133632631731,PIT
30,0.7668278002659062,PIT
40,2.7570592679911865,PIT
50,-2.826797680105874,PIT
60,-2.66306731549173,PIT
70,-2.6771767469237524,PIT
80,-2.69934993278639,PIT
90,-2.85595780566979,PIT
100,2.675739252173549,PIT
110,1.650513374120231,PIT
120,0.6858869613165172,PIT
130,-0.02161857893219654,PIT
140,-0.3682337893229973,PIT
150,-0.39541268575857375,PIT
160,-0.21535200126398021,PIT
170,0.023958597739304643,PIT
180,0.22217617518992316,PIT
190,0.3715110200988896,PIT
200,0.5087816992328067,PIT
210,0.6720810073372832,PIT
220,0.8922521164025587,PIT
230,1.1971084174542446,PIT
240,1.6130367598083044,PIT
250,2.156803637497914,PIT
260,2.8155458831956475,PIT
270,-2.752849058812162,PIT
280,-2.0680793045751007,PIT
290,-1.4783320455964664,PIT
300,-1.0029073348220297,PIT
310,-0.6283604160921707,PIT
320,-0.3296806248975907,PIT
330,-0.08240268731087448,PIT
340,0.13345055281609902,PIT
350,0.33313692727866107,PIT
360,0.5280744344475613,PIT
370,0.7268257548630045,PIT
380,0.9358632695836033,PIT
390,1.1600377909065842,PIT
400,1.402757624533701,PIT
410,1.6659267654816474,PIT
420,1.9497548276230503,PIT
430,2.2525732928216944,PIT
440,2.5707207284281233,PIT
450,2.8987386192759854,PIT
460,-3.053181322289278,PIT
470,-2.725489340106406,PIT
480,-2.407368124797129,PIT
490,-2.103228928719208,PIT
500,-1.815573995409778,PIT
510,-1.5450991346771017,PIT
520,-1.2910760958375176,PIT
530,-1.0518401826154677,PIT
540,-0.8252446487148707,PIT
550,-0.6090121422799528,PIT
560,-0.40097345495313047,PIT
570,-0.19921166066893978,PIT
580,-0.0021353882181960097,PIT
590,0.1914983752352104,PIT
600,0.3825966664421563,PIT
610,0.5717668154758855,PIT
620,0.7593678899275329,PIT
630,0.9455712273093051,PIT
640,1.1304215799033595,PIT
650,1.31388006641786,PIT
660,1.4958478165194313,PIT
670,1.6761817091435938,PIT
680,1.8547065906021971,PIT
690,2.03122535037983,PIT
700,2.2055277730888285,PIT
710,2.377398848653714,PIT
720,2.5466269105401578,PIT
730,2.713011665341812,PIT
740,2.8763719761106294,PIT
750,3.036552933617981,PIT
760,-3.089754730654965,PIT
770,-2.9362732224405748,PIT
780,-2.786253438264139,PIT
790,-2.6397393200658343,PIT
800,-2.496758648067972,PIT
810,-2.3573277005724558,PIT
820,-2.2214548854070033,PIT
830,-2.0891433478450345,PIT
840,-1.9603926402647927,PIT
850,-1.8351995752437553,PIT
860,-1.713558406465302,PIT
870,-1.5954604986113676,PIT
880,-1.4808936568722044,PIT
890,-1.3698412847044288,PIT
900,-1.2622815220454426,PIT
910,-1.1581864850599928,PIT
920,-1.0575216713835556,PIT
930,-0.9602449135761756,PIT
940,-0.866304438892469,PIT
950,-0.7756399274474519,PIT
960,-0.6881846401211913,PIT
970,-0.6038668448199737,PIT
980,-0.5226105478123324,PIT
990,-0.4443356283214208,PIT
1000,-0.36895748846608584,PIT
1010,-0.2963863449434998,PIT
1020,-0.22652630319187203,PIT
1030,-0.1592743664552455,PIT
1040,-0.09451953769479292,PIT
1050,-0.03214216800718195,PIT
1060,0.027986311874604097,PIT
1070,0.08600317171894355,PIT
1080,0.1420536127929316,PIT
1090,0.19628944282117955,PIT
1100,0.24886724493791745,PIT
1110,0.2999461428924826,PIT
1120,0.3496853047662942,PIT
1130,0.3982413496509797,PIT
1140,0.4457658237650706,PIT
1150,0.49240289561640666,PIT
1160,0.5382873883957642,PIT
1170,0.5835432279970261,PIT
1180,0.6282823434206748,PIT
1190,0.6726040183886948,PIT
1200,0.7165946625736618,PIT
1210,0.7603279497247367,PIT
1220,0.8038652582135019,PIT
1230,0.8472563459557783,PIT
1240,0.8905401945279702,PIT
1250,0.9337459649057418,PIT
1260,0.9768940191647686,PIT
1270,1.0199969848413748,PIT
1280,1.0630609360370846,PIT
1290,1.106087236703301,PIT
1300,1.1490751277417313,PIT
1310,1.192023208022096,PIT
1320,1.2349298988095292,PIT
1330,1.277793635092291,PIT
1340,1.3206129500794554,PIT
1350,1.3633864936289806,PIT
1360,1.4061130055882431,PIT
1370,1.4487912585977862,PIT
1380,1.4914199813624034,PIT
1390,1.5339977708778774,PIT
1400,1.576523000148333,PIT
1410,1.6189937263757619,PIT
1420,1.6614076033682095,PIT
1430,1.7037618009396869,PIT
1440,1.746052933316583,PIT
1450,1.7882769979821518,PIT
1460,1.8304293259477906,PIT
1470,1.8725045441078578,PIT
1480,1.914496550088953,PIT
1490,1.9563984998248036,PIT
1500,1.9982028079580125,PIT
1510,2.0399011610780615,PIT
1520,2.081484543742816,PIT
1530,2.1229432771944063,PIT
1540,2.16426707067031,PIT
1550,2.2054450852326437,PIT
1560,2.2464660101046827,PIT
1570,2.287318151629806,PIT
1580,2.3279895351687365,PIT
1590,2.3684680205173247,PIT
1600,2.4087414316708218,PIT
1610,2.448797701692517,PIT
1620,2.4886250323910546,PIT
1630,2.528212065374139,PIT
1640,2.567548055054956,PIT
1650,2.6066230269113513,PIT
1660,2.6454279008257657,PIT
1670,2.6839545643878027,PIT
1680,2.722195892702432,PIT
1690,2.760145722223046,PIT
1700,2.797798791449406,PIT
1710,2.8351506613699926,PIT
1720,2.8721976259899664,PIT
1730,2.908936620285369,PIT
1740,2.9453651303913633,PIT
1750,2.9814811089651614,PIT
1760,3.017282897376285,PIT
1770,3.052769155520349,PIT
1780,3.0879387994972496,PIT
1790,3.1227909470432023,PIT
1800,-3.1258604367886433,PIT
1810,-3.0916453510719006,PIT
1820,-3.0577496357840865,PIT
1830,-3.024173770866529,PIT
1840,-2.9909182058022465,PIT
1850,-2.9579833771599384,PIT
1860,-2.9253697217839214,PIT
1870,-2.893077686099452,PIT
1880,-2.8611077319697342,PIT
1890,-2.829460339507339,PIT
1900,-2.7981360072102444,PIT
1910,-2.7671352497618793,PIT
1920,-2.736458593805784,PIT
1930,-2.70610657197828,PIT
1940,-2.6760797154550087,PIT
1950,-2.646378545233876,PIT
1960,-2.6170035623192485,PIT
1970,-2.5879552368115424,PIT
1980,-2.5592339950930665,PIT
1990,-2.5308401897894353,PIT
2000,-2.5027738969596793,PIT
2010,-2.4750345990697538,PIT
2020,-2.4476211697687567,PIT
2030,-2.4205319600213393,PIT
2040,-2.3937648808144347,PIT
2050,-2.367317477501413,PIT
2060,-2.3411869959890907,PIT
2070,-2.3153704414013108,PIT
2080,-2.2898646299012952,PIT
2090,-2.264666234328195,PIT
2100,-2.239771824257326,PIT
2110,-2.215177901043459,PIT
2120,-2.190880928357167,PIT
2130,-2.166877358677401,PIT
2140,-2.1431636561599037,PIT
2150,-2.1197363162608442,PIT
2160,-2.096591882458205,PIT
2170,-2.073726960379805,PIT
2180,-2.0511382296161806,PIT
2190,-2.0288224534686683,PIT
2200,-2.006776486857762,PIT
2210,-1.9849972825938604,PIT
2220,-1.963481896191737,PIT
2230,-1.9422274893912603,PIT
2240,-1.9212313325298898,PIT
2250,-1.9004908058971035,PIT
2260,-1.880003400187084,PIT
2270,-1.8597667161535674,PIT
2280,-1.8397784635595695,PIT
2290,-1.8200364595048701,PIT
2300,-1.800538626205229,PIT
2310,-1.7812829882896941,PIT
2320,-1.7622676696756243,PIT
2330,-1.7434908900753394,PIT
2340,-1.7249509611835887,PIT
2350,-1.7066462825911632,PIT
2360,-1.6885753374671153,PIT
2370,-1.6707366880499974,PIT
2380,-1.6531289709874621,PIT
2390,-1.6357508925633648,PIT
2400,-1.6186012238522083,PIT
2410,-1.6016787958423593,PIT
2420,-1.5849824945718667,PIT
2430,-1.5685112563237704,PIT
2440,-1.552264062931367,PIT
2450,-1.5362399372474596,PIT
2460,-1.5204379388346994,PIT
2470,-1.504857159935961,PIT
2480,-1.489496721783275,PIT
2490,-1.474355771300391,PIT
2500,-1.4594334782466707,PIT
2510,-1.4447290328386384,PIT
2520,-1.430241643870261,PIT
2530,-1.4159705373351479,PIT
2540,-1.4019149555349923,PIT
2550,-1.3880741566405759,PIT
2560,-1.3744474146564436,PIT
2570,-1.361034019729143,PIT
2580,-1.3478332787324112,PIT
2590,-1.3348445160606988,PIT
2600,-1.3220670745643803,PIT
2610,-1.3095003165649486,PIT
2620,-1.2971436248954709,PIT
2630,-1.2849964039195279,PIT
2640,-1.273058080490202,PIT
2650,-1.2613281048187084,PIT
2660,-1.2498059512297248,PIT
2670,-1.2384911187871384,PIT
2680,-1.2273831317797355,PIT
2690,-1.2164815400613087,PIT
2700,-1.2057859192438027,PIT
2710,-1.1952958707455414,PIT
2720,-1.185011021699416,PIT
2730,-1.1749310247281486,PIT
2740,-1.1650555575956212,PIT
2750,-1.155384322744678,PIT
2760,-1.1459170467329731,PIT
2770,-1.1366534795793568,PIT
2780,-1.1275933940339622,PIT
2790,-1.1187365847856736,PIT
2800,-1.1100828676210617,PIT
2810,-1.1016320785490932,PIT
2820,-1.0933840729060658,PIT
2830,-1.0853387244552695,PIT
2840,-1.0774959244957778,PIT
2850,-1.069855580994605,PIT
2860,-1.0624176177562046,PIT
2870,-1.0551819736427757,PIT
2880,-1.0481486018583726,PIT
2890,-1.0413174693089646,PIT
2900,-1.0346885560496333,PIT
2910,-1.0282618548288325,PIT
2920,-1.0220373707379988,PIT
2930,-1.016015120972843,PIT
2940,-1.0101951347101459,PIT
2950,-1.0045774531009724,PIT
2960,-0.9991621293777639,PIT
2970,-0.993949229068994,PIT
2980,-0.9889388303110371,PIT
2990,-0.9841310242430324,PIT
3000,-0.9795259154672105,PIT
3010,-0.975123622554918,PIT
3020,-0.9709242785780072,PIT
3030,-0.9669280316466564,PIT
3040,-0.9631350454384242,PIT
3050,-0.959545499709143,PIT
3060,-0.9561595907838136,PIT
3070,-0.9529775320342833,PIT
3080,-0.9499995543592334,PIT
3090,-0.9472259066900668,PIT
3100,-0.9446568565526932,PIT
3110,-0.94229269071926,PIT
3120,-0.9401337159849075,PIT
3130,-0.9381802601023337,PIT
3140,-0.9364326729012193,PIT
3150,-0.9348913276109212,PIT
3160,-0.9335566223939049,PIT
3170,-0.9324289820855711,PIT
3180,-0.9315088601247219,PIT
3190,-0.9307967406492914,PIT
3200,-0.9302931407250904,PIT
3210,-0.9299986126716606,PIT
3220,-0.9299137464487316,PIT
3230,-0.93003917206873,PIT
3240,-0.9303755620044687,PIT
3250,-0.9309236335657574,PIT
3260,-0.9316841512235376,PIT
3270,-0.9326579288647017,PIT
3280,-0.9338458319648535,PIT
3290,-0.9352487796695057,PIT
3300,-0.9368677467769075,PIT
3310,-0.9387037656176302,PIT
3320,-0.9407579278274467,PIT
3330,-0.9430313860109687,PIT
3340,-0.9455253552941223,PIT
3350,-0.948241114763799,PIT
3360,-0.9511800087931468,PIT
3370,-0.9543434482508746,PIT
3380,-0.957732911592813,PIT
3390,-0.9613499458336892,PIT
3400,-0.9651961673968048,PIT
3410,-0.9692732628389777,PIT
3420,-0.9735829894477306,PIT
3430,-0.9781271757073713,PIT
3440,-0.9829077216302402,PIT
3450,-0.9879265989490106,PIT
3460,-0.993185851165568,PIT
3470,-0.9986875934516475,PIT
3480,-1.0044340123960238,PIT
3490,-1.0104273655927127,PIT
3500,-1.0166699810643174,PIT
3510,-1.0231642565142736,PIT
3520,-1.029912658401501,PIT
3530,-1.0369177208306006,PIT
3540,-1.0441820442504757,PIT
3550,-1.0517082939539881,PIT
3560,-1.0594991983709703,PIT
3570,-1.0675575471467227,PIT
3580,-1.0758861889978653,PIT
3590,-1.0844880293372479,PIT
3600,-1.0933660276594603,PIT
3610,-1.102523194678324,PIT
3620,-1.1119625892076634,PIT
3630,-1.121687314776587,PIT
3640,-1.131700515970451,PIT
3650,-1.1420053744887382,PIT
3660,-1.1526051049110946,PIT
3670,-1.163502950162908,PIT
3680,-1.174702176671966,PIT
3690,-1.1862060692079697,PIT
3700,-1.198017925396946,PIT
3710,-1.2101410499029994,PIT
3720,-1.2225787482702641,PIT
3730,-1.2353343204184422,PIT
3740,-1.2484110537859394,PIT
3750,-1.2618122161153364,PIT
3760,-1.2755410478766989,PIT
3770,-1.2896007543252364,PIT
3780,-1.303994497190778,PIT
3790,-1.3187253859977999,PIT
3800,-1.3337964690159574,PIT
3810,-1.3492107238425712,PIT
3820,-1.3649710476201131,PIT
3830,-1.3810802468934276,PIT
3840,-1.3975410271133983,PIT
3850,-1.4143559817957867,PIT
3860,-1.431527581346215,PIT
3870,-1.4490581615646934,PIT
3880,-1.4669499118456353,PIT
3890,-1.4852048630920998,PIT
3900,-1.5038248753658794,PIT
3910,-1.5228116252982018,PIT
3920,-1.5421665932890154,PIT
3930,-1.5618910505263062,PIT
3940,-1.5819860458604036,PIT
3950,-1.602452392571967,PIT
3960,-1.623290655076136,PIT
3970,-1.644501135609254,PIT
3980,-1.6660838609485504,PIT
3990,-1.6880385692191777,PIT
4000,-1.7103646968471007,PIT
4010,-1.7330613657202831,PIT
4020,-1.7561273706246532,PIT
4030,-1.779561167025147,PIT
4040,-1.8033608592658557,PIT
4050,-1.8275241892668206,PIT
4060,-1.8520485257982744,PIT
4070,-1.876930854416042,PIT
4080,-1.902167768144427,PIT
4090,-1.927755458994976,PIT
4100,-1.9536897104111852,PIT
4110,-1.9799658907302151,PIT
4120,-2.006578947753118,PIT
4130,-2.0335234045147663,PIT
4140,-2.0607933563435767,PIT
4150,-2.0883824692992747,PIT
4160,-2.116283980074098,PIT
4170,-2.1444906974391174,PIT
4180,-2.1729950053126617,PIT
4190,-2.2017888675220623,PIT
4200,-2.23086383432321,PIT
4210,-2.2602110507346174,PIT
4220,-2.289821266733843,PIT
4230,-2.3196848493544246,PIT
4240,-2.349791796710761,PIT
4250,-2.3801317539669764,PIT
4260,-2.4106940312537786,PIT
4270,-2.4414676235249484,PIT
4280,-2.4724412323326805,PIT
4290,-2.5036032894890288,PIT
4300,-2.5349419825697685,PIT
4310,-2.566445282208023,PIT
4320,-2.5981009711190515,PIT
4330,-2.6298966747967265,PIT
4340,-2.6618198938285746,PIT
4350,-2.693858037794037,PIT
4360,-2.7259984607452177,PIT
4370,-2.758228498329962,PIT
4380,-2.790535506717222,PIT
4390,-2.822906903645639,PIT
4400,-2.8553302121697577,PIT
4410,-2.8877931080667,PIT
4420,-2.920283472429117,PIT
4430,-2.9527894516815527,PIT
4440,-2.985299527831649,PIT
4450,-3.017802601269547,PIT
4460,-3.050288085087425,PIT
4470,-3.0827460027283946,PIT
4480,-3.1151670734983092,PIT
4490,3.1356425365083416,PIT
4500,3.1033199611661484,PIT
4510,3.071057482541729,PIT
4520,3.0388613284358597,PIT
4530,3.0067370186476716,PIT
4540,2.974689410718204,PIT
4550,2.942722748284532,PIT
4560,2.910840709557962,PIT
4570,2.879046454469642,PIT
4580,2.8473426696747444,PIT
4590,2.8157316110055786,PIT
4600,2.784215143207115,PIT
4610,2.7527947769348415,PIT
4620,2.7214717030811086,PIT
4630,2.6902468245451594,PIT
4640,2.659120785587656,PIT
4650,2.6280939989217993,PIT
4660,2.597166670695336,PIT
4670,2.566338823514637,PIT
4680,2.5356103176556464,PIT
4690,2.5049808705984646,PIT
4700,2.4744500750133884,PIT
4710,2.4440174153171137,PIT
4720,2.413682282908785,PIT
4730,2.383443990186893,PIT
4740,2.3533017834398633,PIT
4750,2.3232548546954295,PIT
4760,2.2933023526068936,PIT
4770,2.263443392447706,PIT
4780,2.233677065279884,PIT
4790,2.2040024463562258,PIT
4800,2.1744186028112997,PIT
4810,2.144924600691599,PIT
4820,2.115519511371125,PIT
4830,2.0862024173948344,PIT
4840,2.056972417789021,PIT
4850,2.0278286328745594,PIT
4860,1.9987702086160664,PIT
4870,1.9697963205375852,PIT
4880,1.9409061772329421,PIT
4890,1.9120990234969046,PIT
4900,1.8833741431013056,PIT
4910,1.8547308612385727,PIT
4920,1.8261685466535067,PIT
4930,1.797686613482737,PIT
4940,1.769284522819925,PIT
4950,1.7409617840236609,PIT
4960,1.7127179557838539,PIT
4970,1.6845526469614591,PIT
4980,1.6564655172154683,PIT
4990,1.6284562774302822,PIT
5000,1.6005246899558045,PIT
5010,1.5722171459486427,PIT
5020,1.54400163011982,PIT
5030,1.515877725979804,PIT
5040,1.4878450786455266,PIT
5050,1.4599033937688235,PIT
5060,1.4320524363624911,PIT
5070,1.4042920295315575,PIT
5080,1.376622053117055,PIT
5090,1.3490424422592717,PIT
5100,1.3215531858871756,PIT
5110,1.294154325140421,PIT
5120,1.2668459517301152,PIT
5130,1.2396282062442374,PIT
5140,1.2125012764034109,PIT
5150,1.1854653952724457,PIT
5160,1.1585208394329163,PIT
5170,1.1316679271217431,PIT
5180,1.1049070163406114,PIT
5190,1.078238502940808,PIT
5200,1.0516628186878512,PIT
5210,1.0251804293101179,PIT
5220,0.9987918325354288,PIT
5230,0.9724975561193867,PIT
5240,0.9462981558690338,PIT
5250,0.9201942136651899,PIT
5260,0.8941863354866477,PIT
5270,0.8682751494391656,PIT
5280,0.8424613037920032,PIT
5290,0.8167454650244981,PIT
5300,0.7911283158850148,PIT
5310,0.7656105534642883,PIT
5320,0.740192887285029,PIT
5330,0.7148760374093541,PIT
5340,0.6896607325653896,PIT
5350,0.6645477082941103,PIT
5360,0.6395377051172265,PIT
5370,0.6146314667266211,PIT
5380,0.5898297381955606,PIT
5390,0.5651332642115614,PIT
5400,0.5405427873304695,PIT
5410,0.5160590462509225,PIT
5420,0.491682774107999,PIT
5430,0.4674146967843527,PIT
5440,0.4432555312367299,PIT
5450,0.41920598383512164,PIT
5460,0.3952667487112711,PIT
5470,0.37143850611246165,PIT
5480,0.34772192075573827,PIT
5490,0.32411764017669764,PIT
5500,0.30062629306587846,PIT
5510,0.2772484875843526,PIT
5520,0.2539848096485251,PIT
5530,0.2308358211721533,PIT
5540,0.20780205825121098,PIT
5550,0.1848840292743601,PIT
5560,0.162082212938385,PIT
5570,0.1393970561438458,PIT
5580,0.11682897174150499,PIT
5590,0.09437833609470037,PIT
5600,0.0720454864170632,PIT
5610,0.049830717839244976,PIT
5620,0.027734280153539185,PIT
5630,0.005756374183252254,PIT
5640,-0.01610285227304065,PIT
5650,-0.0378433089595811,PIT
5660,-0.05946496815390389,PIT
5670,-0.08096787009295346,PIT
5680,-0.10235212872830778,PIT
5690,-0.123617937614676,PIT
5700,-0.14476557564016534,PIT
5710,-0.16579541222952265,PIT
5720,-0.18670791162207845,PIT
5730,-0.20750363586527779,PIT
5740,-0.2281832462714508,PIT
5750,-0.24874750323454722,PIT
5760,-0.2691972644566194,PIT
5770,-0.28953348175723903,PIT
5780,-0.3097571967156618,PIT
5790,-0.32986953542505226,PIT
5800,-0.34987170263121037,PIT
5810,-0.3697649754988124,PIT
5820,-0.3895506972082128,PIT
5830,-0.4092302705440902,PIT
5840,-0.42880515159827143,PIT
5850,-0.44827684367565285,PIT
5860,-0.46764689146457616,PIT
5870,-0.4869168755111577,PIT
5880,-0.506088407020294,PIT
5890,-0.5251631229933132,PIT
5900,-0.5441426817029198,PIT
5910,-0.5630287584993869,PIT
5920,-0.5818230419372528,PIT
5930,-0.6005272302086917,PIT
5940,-0.6191430278677323,PIT
5950,-0.6376721428284746,PIT
5960,-0.6561162836199701,PIT
5970,-0.6744771568804762,PIT
5980,-0.6927564650741243,PIT
5990,-0.7109559044136393,PIT
6000,-0.7290771629734305,PIT
6010,-0.747121918978201,PIT
6020,-0.7650918392531105,PIT
6030,-0.7829885778223477,PIT
6040,-0.8008137746438928,PIT
6050,-0.8185690544690694,PIT
6060,-0.8362560258163576,PIT
6070,-0.8538762800496684,PIT
6080,-0.8714313905520843,PIT
6090,-0.8889229119867448,PIT
6100,-0.9063523796372221,PIT
6110,-0.9237213088203537,PIT
6120,-0.941031194365082,PIT
6130,-0.9582835101513528,PIT
6140,-0.9754797087036707,PIT
6150,-0.9926212208343098,PIT
6160,-1.0097094553316301,PIT
6170,-1.0267457986893547,PIT
6180,-1.0437316148729714,PIT
6190,-1.0606682451197988,PIT
6200,-1.0775570077695331,PIT
6210,-1.0943991981223782,PIT
6220,-1.11119608832212,PIT
6230,-1.127948927261719,PIT
6240,-1.144658940509255,PIT
6250,-1.1613273302521945,PIT
6260,-1.1779552752581681,PIT
6270,-1.1945439308506405,PIT
6280,-1.2110944288979049,PIT
6290,-1.2276078778141004,PIT
6300,-1.2440853625709867,PIT
6310,-1.2605279447193363,PIT
6320,-1.2769366624189837,PIT
6330,-1.2933125304765527,PIT
6340,-1.3096565403900744,PIT
6350,-1.3259696603997302,PIT
6360,-1.3422528355440448,PIT
6370,-1.358506987720939,PIT
6380,-1.3747330157530744,PIT
6390,-1.3909317954570266,PIT
6400,-1.4071041797158266,PIT
6410,-1.4232509985545132,PIT
6420,-1.4393730592183118,PIT
6430,-1.455471146253167,PIT
6440,-1.4715460215883454,PIT
6450,-1.4875984246208596,PIT
6460,-1.5036290723015249,PIT
6470,-1.5196386592224584,PIT
6480,-1.5356278577058564,PIT
6490,-1.551597317893921,PIT
6500,-1.5675476678398317,PIT
6510,-1.5834795135996522,PIT
6520,-1.5993934393250937,PIT
6530,-1.6152900073570757,PIT
6540,-1.6311697583200422,PIT
6550,-1.6470332112169705,PIT
6560,-1.6628808635250723,PIT
6570,-1.6787131912921591,PIT
6580,-1.694530649233653,PIT
6590,-1.7103336708302754,PIT
6600,-1.7261226684263784,PIT
6610,-1.7418980333289833,PIT
6620,-1.757660135907507,PIT
6630,-1.7734093256942183,PIT
6640,-1.7891459314854734,PIT
6650,-1.8048702614437424,PIT
6660,-1.820582603200477,PIT
6670,-1.836283223959879,PIT
6680,-1.8519723706036084,PIT
6690,-1.86765026979647,PIT
6700,-1.8833171280931886,PIT
6710,-1.8989731320462584,PIT
6720,-1.914618448315003,PIT
6730,-1.9302532237758794,PIT
6740,-1.945877585634091,PIT
6750,-1.9614916415366281,PIT
6760,-1.9770954796867546,PIT
6770,-1.9926891689601034,PIT
6780,-2.0082727590223906,PIT
6790,-2.023846280448918,PIT
6800,-2.0394097448459085,PIT
6810,-2.0549631449738115,PIT
6820,-2.070506454872689,PIT
6830,-2.086039629989786,PIT
6840,-2.1015626073094555,PIT
6850,-2.1170753054855096,PIT
6860,-2.132577624976207,PIT
6870,-2.1480694481819933,PIT
6880,-2.163550639586181,PIT
6890,-2.17902104589872,PIT
6900,-2.194480496203294,PIT
6910,-2.20992880210789,PIT
6920,-2.2253657578991044,PIT
6930,-2.2407911407004004,PIT
6940,-2.2562047106345533,PIT
6950,-2.271606210990564,PIT
6960,-2.2869953683953286,PIT
6970,-2.3023718929903456,PIT
6980,-2.317735478613801,PIT
6990,-2.333085802988373,PIT
7000,-2.3484225279151003,PIT
7010,-2.3637452994737425,PIT
7020,-2.3790537482299854,PIT
7030,-2.394347489449988,PIT
7040,-2.4096261233226794,PIT
7050,-2.424889235190326,PIT
7060,-2.440136395787838,PIT
7070,-2.4553671614913988,PIT
7080,-2.4705810745769154,PIT
7090,-2.4857776634889364,PIT
7100,-2.5009564431205797,PIT
7110,-2.5161169151051404,PIT
7120,-2.5312585681200055,PIT
7130,-2.546380878203543,PIT
7140,-2.5614833090856592,PIT
7150,-2.576565312532699,PIT
7160,-2.5916263287073935,PIT
7170,-2.606665786544607,PIT
7180,-2.6216831041435267,PIT
7190,-2.6366776891770636,PIT
7200,-2.6516489393191334,PIT
7210,-2.6665962426905168,PIT
7220,-2.6815189783239557,PIT
7230,-2.6964165166491307,PIT
7240,-2.7112882199981296,PIT
7250,-2.726133443131946,PIT
7260,-2.7409515337885466,PIT
7270,-2.7557418332529453,PIT
7280,-2.770503676949696,PIT
7290,-2.785236395058095,PIT
7300,-2.7999393131503707,PIT
7310,-2.814611752852991,PIT
7320,-2.829253032531204,PIT
7330,-2.8438624679967486,PIT
7340,-2.858439373238695,PIT
7350,-2.8729830611771963,PIT
7360,-2.8874928444398975,PIT
7370,-2.901968036160717,PIT
7380,-2.916407950800595,PIT
7390,-2.9308119049898593,PIT
7400,-2.9451792183918544,PIT
7410,-2.9595092145874933,PIT
7420,-2.9738012219806187,PIT
7430,-2.9880545747241536,PIT
7440,-3.0022686136673933,PIT
7450,-3.0164426873251893,PIT
7460,-3.030576152870373,PIT
7470,-3.044668377151492,PIT
7480,-3.0587187377390537,PIT
7490,-3.0727266240047015,PIT
7500,-3.086691438239474,PIT
7510,-3.1006125968194267,PIT
7520,-3.1144895314294834,PIT
7530,-3.1283216903594138,PIT
7540,3.1410767672902096,PIT
7550,3.1273357413936638,PIT
7560,3.1136410322473616,PIT
7570,3.099993110062333,PIT
7580,3.0863924201744934,PIT
7590,3.0728393808849903,PIT
7600,3.059334381122664,PIT
7610,3.0458777779776454,PIT
7620,3.032469894203475,PIT
7630,3.0191110158345023,PIT
7640,3.0058013900973375,PIT
7650,2.992541223791493,PIT
7660,2.9793306822698407,PIT
7670,2.966169889076978,PIT
7680,2.953058926227611,PIT
7690,2.9399978350487386,PIT
7700,2.926986617477568,PIT
7710,2.9140252376993843,PIT
7720,2.901113624017821,PIT
7730,2.888251670866374,PIT
7740,2.875439240888431,PIT
7750,2.862676167030471,PIT
7760,2.8499622546079255,PIT
7770,2.8372972833151597,PIT
7780,2.8246810091602814,PIT
7790,2.8121131663125816,PIT
7800,2.7995934688555613,PIT
7810,2.7871216124423404,PIT
7820,2.7746972758529616,PIT
7830,2.7623201224550282,PIT
7840,2.7499898015704005,PIT
7850,2.7377059497516063,PIT
7860,2.725468191972082,PIT
7870,2.7132761427347365,PIT
7880,2.701129407103422,PIT
7890,2.6890275816619194,PIT
7900,2.6769702554049606,PIT
7910,2.664957010565706,PIT
7920,2.6529874233838613,PIT
7930,2.6410610648184987,PIT
7940,2.629177501209357,PIT
7950,2.617336294890264,PIT
7960,2.605537004757996,PIT
7970,2.593779186799824,PIT
7980,2.5820623945826195,PIT
7990,2.5703861797063556,PIT
8000,2.5587500922245376,PIT
