Step,Phi_Angle,K_Strength
1,-0.7023339434663974,0.04072734401504181
2,-2.718245693802772,0.03210721220590232
3,-2.7051235761887895,0.07425284065534124
4,-0.9605465348815617,0.11009095059429967
5,1.406415126228521,0.06572661902622136
6,0.9995458586466455,0.02684079227910431
7,0.08057435403277723,0.0248177428801753
8,-0.824193911506415,0.05438010759209761
9,-1.5886221671358993,0.07779906103380184
10,-2.270062674774536,0.09275634133314568
11,-2.9307805131891462,0.09891839928735523
12,2.7008493061395438,0.09649628094123465
13,2.0543266467162518,0.08701915001542324
14,1.3946439986480723,0.07310823178606966
15,0.7113037342467969,0.05866006323346002
16,0.0422593443174997,0.050499707380425383
17,-0.5353917054184867,0.05618142075319812
18,-0.9897134113069359,0.07374147396299013
19,-1.3500565133832125,0.09635500551701742
20,-1.6601903014349488,0.11993519687844882
21,-1.9548781458340458,0.14239221982774153
22,-2.2587153274623097,0.1623377854668212
23,-2.58950140301832,0.17848310357501412
24,-2.9601079540142217,0.189233157275355
25,2.9056186558913413,0.1926091479664941
26,2.443705717405047,0.18676372291363938
27,1.9528810334049405,0.17092365150821265
28,1.4603707022656038,0.14608955667870235
29,0.9958228766170272,0.114930793489636
30,0.5801229703522661,0.08134896647935333
31,0.22073416807710597,0.05155699527153786
32,-0.08559186173579138,0.04086822717952555
33,-0.347638605118821,0.05910807901041964
34,-0.5757331149625852,0.08795352119373383
35,-0.7796618877239656,0.11812238594020044
36,-0.9679161156704092,0.14748160779722724
37,-1.1476077073042543,0.1755117795185424
38,-1.3246408445860143,0.20194958197489243
39,-1.5039301436237429,0.22639564936529133
40,-1.6895728512295665,0.24834630088750323
41,-1.8849365621857228,0.26731587697787634
42,-2.092650813820507,0.2828552346784462
43,-2.3145105243029125,0.2945192728103081
44,-2.551317824436582,0.30185708723438226
45,-2.8027096553870186,0.304444202576503
46,-3.0670391333199585,0.30194975724849815
47,2.9417978396607367,0.29421786506044895
48,2.661420481987625,0.2813346041179496
49,2.379678494386979,0.2636573370392466
50,2.101381933746295,0.24180218066087067
51,1.8309422793821022,0.21660828802974746
52,1.5719366888379591,0.18911467136434132
53,1.3268608937276634,0.16059826954864861
54,1.0970836524345118,0.13274505380788384
55,0.8829599737611264,0.10806433644207138
56,0.6840354873784827,0.09051326739646588
57,0.4992782935371989,0.08499498913659806
58,0.3272939214853654,0.09325328112362892
59,0.16650065557583016,0.111525717838979
60,0.015259220124574037,0.13495967958419505
61,-0.12803922647930358,0.16043260643580332
62,-0.2649185421413276,0.1862271499355457
63,-0.3967875492001247,0.21136212021445133
64,-0.5249265759663708,0.23524582869544872
65,-0.6504843098372994,0.25752527058959934
66,-0.774480353758054,0.27800688410846486
67,-0.8978103638282642,0.2966013753254589
68,-1.021251805772037,0.31328260415686504
69,-1.1454691894802016,0.3280586653602527
70,-1.2710182073438703,0.34095297506041855
71,-1.398348604730049,0.3519927324970558
72,-1.5278059104783361,0.36120247699330854
73,-1.659632385125086,0.3686010899625638
74,-1.7939677196140564,0.3742011821655689
75,-1.9308501394715287,0.3780102712917913
76,-2.0702186315348454,0.38003350496897975
77,-2.2119169999584716,0.38027795017820626
78,-2.355700363198535,0.3787586700233688
79,-2.5012445181981287,0.3755069337987525
80,-2.6481583286590626,0.3705809086338992
81,-2.7959989641413445,0.3640789586039626
82,-2.94428946538447,0.3561550353374907
83,-3.0925377889511165,0.34703416403563975
84,3.0429290708151613,0.33702267555986826
85,2.896205301700484,0.3265009474649502
86,2.7509018664924767,0.3158807186568493
87,2.6073929297795324,0.30553095429508303
88,2.465994069921161,0.29572410018839734
89,2.3269605261705264,0.28663965787866963
90,2.190489456588558,0.27839981295329097
91,2.056724469856992,0.2711039311764788
92,1.925761115308845,0.2648517046674321
93,1.7976525575602083,0.2597560713232286
94,1.6724150406791962,0.2559483630580092
95,1.5500329661558088,0.2535771657983932
96,1.4304635267653458,0.2528016696688468
97,1.3136408979859342,0.2537802515912658
98,1.1994800156209264,0.25665552002394426
99,1.0878799768826204,0.2615375994482541
100,0.9787270982944404,0.26848676668328014
101,0.8718976352703793,0.27748541546206423
102,0.7672598837264852,0.2882228255126168
103,0.6646736830097011,0.29979767505829946
104,0.5639889002439367,0.31152654804248364
105,0.46504908531527206,0.32299151114406
106,0.36769659258445686,0.3339243356039982
107,0.27177675852803085,0.34416115131259617
108,0.17714107195034526,0.35361057328885004
109,0.08364950335493163,0.3622305989794516
110,-0.00882784113958188,0.370012149886021
111,-0.1004096009476265,0.37696752657443555
112,-0.19120246380984948,0.38312242394855894
113,-0.2813008011532323,0.38851050724098557
114,-0.3707865675068065,0.39316983666331445
115,-0.45972941216490937,0.39714064523830195
116,-0.5481869644217265,0.40046413065230635
117,-0.6362052636835702,0.4031820312518641
118,-0.723819313045907,0.40533682968766677
119,-0.8110537399265583,0.4069724731853927
120,-0.8979235504642149,0.4081355222203751
121,-0.9844349659746069,0.40887664271350294
122,-1.0705863301263558,0.40925234287190587
123,-1.1563690749539342,0.4093268264577493
124,-1.2417687326525024,0.40917379244144725
125,-1.3267659785801873,0.40887796140404437
126,-1.4113376893095448,0.40853605906756535
127,-1.4954579982097964,0.4082569470730434
128,-1.5790993302109368,0.40816057175634424
129,-1.6622333974652939,0.408375408925836
130,-1.7448321391506807,0.4090340960391152
131,-1.8268685929608528,0.41026683991651997
132,-1.908317697181406,0.4121913837592462
133,-1.989157058971262,0.4148936485679193
134,-2.069367872154581,0.4183734578108081
135,-2.1489364928763304,0.4224707084765511
136,-2.2278563138984757,0.426956905984282
137,-2.3061280285139194,0.43164106402770686
138,-2.3837584555515607,0.4363773414276085
139,-2.460759082829374,0.4410570889799391
140,-2.5371447363823334,0.44560127738278815
141,-2.6129324485784062,0.4499540794654439
142,-2.6881405225261026,0.45407766457198073
143,-2.762787772821971,0.4579480896301721
144,-2.8368929196527977,0.46155211496672593
145,-2.910474114344875,0.4648847706776614
146,-2.983548576714977,0.4679475184082346
147,-3.05613232705091,0.47074687831602385
148,-3.1282399978873183,0.47329341515330986
149,3.0833005943524165,0.47560099833509367
150,3.012107285714632,0.4776862679824361
151,2.9413554261743293,0.4795682524933951
152,2.871036630713126,0.4812680937492754
153,2.801144034734272,0.48280884423622966
154,2.7316722168536636,0.4842153067421889
155,2.6626171016031215,0.4855138923931643
156,2.5939758467629854,0.48673247704991396
157,2.52574671949698,0.48790023983401226
158,2.457928964991903,0.48904747103918844
159,2.3905226708890726,0.4902053400669779
160,2.3235286304179157,0.4914056173729205
161,2.2569482067910815,0.4926803476987113
162,2.1907832010844954,0.49406147498460834
163,2.125035725495829,0.49558042209762154
164,2.059708083543657,0.49726763055298445
165,1.9948026584292742,0.4991520662573503
166,1.930321810423908,0.5012606961539255
167,1.8662677837477244,0.5036179360137966
168,1.802642622938446,0.5062450584175981
169,1.7394480980893423,0.5091595252214492
170,1.6766856373963983,0.5123741534863248
171,1.6143562637864282,0.5158958949618783
172,1.5524605290249704,0.519723704125304
173,1.4909984314163753,0.523844352705706
174,1.4299692891212814,0.5282249104129169
175,1.3693715308194587,0.5328062155549559
176,1.3092024183692597,0.5375112973463905
177,1.2494578396988816,0.5422645558146894
178,1.190132292820146,0.5470013935567752
179,1.1312190267246267,0.5516689457564705
180,1.0727102517497409,0.5562247211925191
181,1.0145973643501476,0.5606351377068766
182,0.9568711618388308,0.564874199354669
183,0.8995220377053368,0.5689223284767181
184,0.8425401546601536,0.5727653459314279
185,0.7859155953811107,0.5763935895742213
186,0.7296384921477328,0.5798011589093887
187,0.6736991370260892,0.5829852726433592
188,0.6180880743984076,0.5859457256830295
189,0.5627961775985106,0.5886844326538119
190,0.507814711304488,0.5912050459454464
191,0.45313538119897606,0.5935126373980121
192,0.3987503722581396,0.5956134338702511
193,0.3446523768859082,0.5975145980057045
194,0.2908346139760649,0.5992240464908174
195,0.2372908398649729,0.6007502989722374
196,0.1840153520330139,0.6021023515742824
197,0.13100298632362506,0.6032895696488255
198,0.07824910837464748,0.6043215950216938
199,0.025749599896976786,0.6052082635982551
200,-0.026499159610749775,0.6059595297831377
201,-0.07850031515637212,0.6065853947799433
202,-0.13025656202467673,0.6070958364867717
203,-0.18177017450370236,0.607500739404778
204,-0.23304303705035156,0.6078098237307867
205,-0.2840766773760226,0.6080325735974913
206,-0.33487230092593023,0.6081781652253015
207,-0.3854308262171831,0.608255396510675
208,-0.43575292049354886,0.6082726202348343
209,-0.48583903515257815,0.6082376835648315
210,-0.5356894404067171,0.6081578767698528
211,-0.585304258657362,0.6080398940397
212,-0.6346834960919274,0.6078898089490301
213,-0.6838270720602271,0.6077130664784369
214,-0.7327348458478724,0.6075144926414799
215,-0.7814066405394282,0.6072983217701247
216,-0.8298422637496685,0.607068240495342
217,-0.8780415250933506,0.606827446541426
218,-0.926004250357634,0.6065787197296729
219,-0.9737302924315285,0.6063245021228519
220,-1.0212195391291932,0.6060669840583998
221,-1.0684719181147404,0.6058081928975751
222,-1.1154873991931789,0.6055500816110728
223,-1.1622659942739162,0.6052946147616439
224,-1.2088077553400085,0.6050438499589196
225,-1.2551127707690517,0.6048000133843736
226,-1.3011811603519714,0.6045655684614359
227,-1.3470130693461622,0.60434327713924
228,-1.3926086618817521,0.6041362535460335
229,-1.437968114016475,0.6039480099409554
230,-1.483091606707907,0.6037824949518299
231,-1.5279793189433377,0.6036441240396371
232,-1.572631421239036,0.6035378019890597
233,-1.6170480696931628,0.6034689370021165
234,-1.6612294007511557,0.6034434456819179
235,-1.7051755268197362,0.6034677478491687
236,-1.7488865328462113,0.6035487497482634
237,-1.7923624739639061,0.6036938137863473
238,-1.8356033742924318,0.603910712523221
239,-1.8786092269733417,0.6042075642122609
240,-1.9213799955174125,0.6045927468095087
241,-1.9639156165392748,0.6050747870582274
242,-2.006216003958112,0.6056622210757964
243,-2.048281054749121,0.6063634229020332
244,-2.090110656338414,0.6071863978352122
245,-2.131704695742373,0.6081385382609114
246,-2.1730630705586242,0.6092263413153957
247,-2.214185701915356,0.6104550904407001
248,-2.255072549472891,0.6118285070554662
249,-2.2957236285374436,0.6133483845186479
250,-2.3361390292813176,0.6150142243948663
251,-2.376318937955007,0.6168229042339731
252,-2.41626365981555,0.6187684150864077
253,-2.455973643281473,0.6208417128390701
254,-2.495449504572251,0.6230307261453539
255,-2.5346920518359775,0.6253205515870135
256,-2.573702307568776,0.627693842966571
257,-2.612481528046977,0.6301313705352651
258,-2.6510312185749765,0.632612696424796
259,-2.689353143604919,0.635116894353646
260,-2.727449331167487,0.6376232403431322
261,-2.7653220714899622,0.6401118152818261
262,-2.8029739100858846,0.6425639829644311
263,-2.8404076359184813,0.6449627307762783
264,-2.87762626543987,0.6472928788965256
265,-2.914633023392961,0.6495411756042149
266,-2.951431321255816,0.6516963015056021
267,-2.9880247341385107,0.6537488060273626
268,-3.024416976838,0.6556909972588572
269,-3.06061187963858,0.6575168027015433
270,-3.0966133643288694,0.6592216146936927
271,-3.132425420799313,0.6608021307769046
272,3.1151332226884816,0.6622561963018339
273,3.0796878922901425,0.6635826541929776
274,3.044419831989209,0.6647812049682823
275,3.009324993959531,0.665852278759166
276,2.974399363533749,0.6667969201104603
277,2.9396389756907877,0.6676166856732347
278,2.905039930254631,0.6683135544637996
279,2.8705984058332437,0.6688898500901833
280,2.836310672537707,0.6693481741964786
281,2.802173103529194,0.6696913503100127
282,2.7681821854459736,0.6699223772695602
283,2.734334527765059,0.6700443914450718
284,2.7006268711538857,0.6700606370163213
285,2.667056094866986,0.6699744436492424
286,2.6336192232413778,0.6697892109873104
287,2.600313431342496,0.6695083994561002
288,2.5671360498102613,0.6691355269586253
289,2.534084568952424,0.6686741711148512
290,2.5011566421296934,0.6681279767691536
291,2.468350088474497,0.6675006685531878
292,2.4356628949826455,0.6667960683475406
293,2.4030932180144897,0.6660181175326375
294,2.370639384239788,0.6651709039564798
295,2.3382998910579165,0.6642586935725793
296,2.3060734065229087,0.6632859667142431
297,2.2739587688003997,0.6622574589691721
298,2.2419549851815557,0.661178206598693
299,2.210061230676896,0.6600535964060062
300,2.1782768462109368,0.6588894198941947
301,2.1466013364366514,0.6576919314636503
302,2.115034367186788,0.6564679102757991
303,2.083575762577182,0.6552247252510945
304,2.052225501775333,0.6539704024696164
305,2.0209837154455736,0.6527136939978511
306,1.9898506818802197,0.6514641468714579
307,1.9588268228240922,0.6502321706181803
308,1.9279126989977284,0.6490291013062669
309,1.8971090053224384,0.6478672596528907
310,1.8664165658480079,0.6467600002282217
311,1.8358363283814172,0.645721748252054
312,1.8053693588121376,0.6447680199137197
313,1.775016835126611,0.6439154215697713
314,1.7447800411008871,0.6431816226093608
315,1.7146603596564387,0.6425852962490345
316,1.68465926585907,0.6421460220511325
317,1.6547783195347876,0.6418841435711049
318,1.6250191574685133,0.6418205742307159
319,1.5953834851412378,0.6419765442571382
320,1.565873067947159,0.642373281240191
321,1.5364897218132214,0.6430316163762971
322,1.5072353031165824,0.6439715075026431
323,1.4781116977576343,0.6452114681366035
324,1.449120809191949,0.6467678883241601
325,1.4202645451473173,0.6486542275467135
326,1.3915448026427637,0.6508800521655853
327,1.3629634507763824,0.6534498821105702
328,1.3345223105559436,0.6563618127338463
329,1.3062231308348242,0.6596059131113494
330,1.2780675592803148,0.6631625247252009
331,1.2500571074777886,0.6670008623091144
332,1.2221931101722687,0.6710787181189699
333,1.1944766806241465,0.6753442234085961
334,1.1669086667228863,0.6797399229983764
335,1.1394896142355828,0.6842080219660938
336,1.1122197426396874,0.6886949402460232
337,1.0850989356980956,0.6931540347605132
338,1.0581267454741996,0.6975465345119483
339,1.0313024065673055,0.7018413150138351
340,1.0046248570545464,0.7060141112532272
341,0.9780927632037415,0.7100465463745016
342,0.9517045458198247,0.7139251673649094
343,0.9254584067930713,0.7176405695084835
344,0.8993523549476772,0.7211866360575945
345,0.8733842306579088,0.7245598940804527
346,0.8475517289448135,0.7277589767901718
347,0.82185242092565,0.7307841790482619
348,0.7962837735891546,0.7336370923417829
349,0.7708431679319248,0.7363203065227448
350,0.7455279155280146,0.7388371670950946
351,0.7203352736239588,0.7411915784274936
352,0.6952624588611267,0.7433878447742006
353,0.6703066597299101,0.7454305423279232
354,0.6454650478587676,0.7473244166877644
355,0.6207347882369751,0.7490743011081847
356,0.5961130484643464,0.7506850517180039
357,0.5715970071148464,0.7521614965823658
358,0.5471838612943911,0.7535083960458374
359,0.5228708334665114,0.7547304122603594
360,0.49865517761326594,0.7558320861843426
361,0.47453418479266435,0.7568178206531799
362,0.4505051881482631,0.7576918683789312
363,0.42656556742138757,0.7584583239480599
364,0.40271275301156373,0.7591211190592557
365,0.37894422962637125,0.7596840203854395
366,0.3552575395579674,0.7601506295607242
367,0.33165028561981497,0.760524384889015
368,0.3081201337738977,0.7608085644498835
369,0.28466481547572037,0.7610062903424615
370,0.26128212976167503,0.761120533861878
371,0.2379699451009645,0.7611541214473134
372,0.21472620103202036,0.7611097412777348
373,0.1915489096014389,0.7609899504221919
374,0.1684361566216206,0.7607971824773344
375,0.1453861027617418,0.7605337556464523
376,0.12239698448518535,0.7602018812326108
377,0.0994671148452755,0.7598036725339367
378,0.07659488414998908,0.7593411541423103
379,0.053778760505226474,0.758816271658007
380,0.031017290245218623,0.7582309018425217
381,0.008309098257880867,0.7575868632401198
382,-0.01434711178800072,0.7568859273057776
383,-0.03695255730753975,0.7561298300831751
384,-0.05950837675090146,0.7553202844813914
385,-0.08201562963592288,0.7544589932029008
386,-0.10447529665780284,0.7535476623783489
387,-0.1268882798720427,0.7525880159653485
388,-0.1492554029471795,0.7515818109689997
389,-0.1715774114844677,0.750530853540889
390,-0.19385497340188151,0.7494370160107119
391,-0.21608867938039975,0.748302254900129
392,-0.23827904337073555,0.7471286299617315
393,-0.2604265031591326,0.7459183242766516
394,-0.2825314209911445,0.7446736654320638
395,-0.3045940842526133,0.7433971477840966
396,-0.326614706207424,0.7420914557920698
397,-0.3485934267918507,0.7407594883859531
398,-0.3705303134656572,0.7394043843000232
399,-0.39242536212032036,0.7380295482713263
400,-0.41427849804512257,0.7366386779612577
401,-0.4360895769520192,0.7352357914119166
402,-0.4578583860604739,0.7338252547955049
403,-0.4795846452437755,0.7324118101547598
404,-0.5012680082384164,0.7310006027651772
405,-0.5229080639185467,0.7295972076758971
406,-0.54450433763753,0.7282076549061535
407,-0.5660562926388991,0.726838452689167
408,-0.5875633315392076,0.7254966080668261
409,-0.6090247978853112,0.7241896440485935
410,-0.630439977788775,0.7229256124596497
411,-0.6518081016401769,0.7217131015199554
412,-0.6731283459060318,0.7205612371221386
413,-0.6943998350110971,0.7194796767171644
414,-0.7156216433087061,0.7184785946787522
415,-0.7367927971415964,0.7175686580072357
416,-0.7579122769955322,0.7167609912583466
417,-0.7789790197476802,0.716067129649743
418,-0.7999919210113134,0.7154989594152994
419,-0.8209498375780073,0.7150686446508155
420,-0.8418515899578283,0.7147885401300221
421,-0.8626959650174688,0.7146710898696512
422,-0.8834817187154405,0.7147287115869905
423,-0.9042075789326345,0.7149736676192155
424,-0.9248722483955977,0.7154179233529291
425,-0.9454744076888566,0.7160729947319135
426,-0.9660127183514697,0.7169497869532293
427,-0.9864858260519094,0.7180584270036515
428,-1.0068923638339882,0.719408093203027
429,-1.0272309554254837,0.7210068453783145
430,-1.0475002185996558,0.7228614596602783
431,-1.0676987685787436,0.7249772721429427
432,-1.0878252214672475,0.7273580357453431
433,-1.1078781977017236,0.7300057945412797
434,-1.1278563255028196,0.7329207795553138
435,-1.1477582443144951,0.7361013295425864
436,-1.1675826082148866,0.7395438395446666
437,-1.1873280892832516,0.7432427389599635
438,-1.2069933809081197,0.747190499216288
439,-1.2265772010243399,0.751377667920359
440,-1.2460782952733973,0.7557929175077417
441,-1.2654954401022687,0.7604230589704853
442,-1.2848274459042404,0.7652526796260217
443,-1.3040731612044707,0.7702514469120207
444,-1.3232315040922253,0.775266224150326
445,-1.3423015825315285,0.7801993277106133
446,-1.361282751939198,0.7850229327264875
447,-1.38017459462527,0.7897180426407198
448,-1.3989768948404817,0.7942712663992856
449,-1.4176896161902046,0.7986735087497231
450,-1.436312881414843,0.8029190266713603
451,-1.4548469543103768,0.8070046968128415
452,-1.4732922235544401,0.8109294367974815
453,-1.4916491882234237,0.8146937454580366
454,-1.5099184448099305,0.8182993367230289
455,-1.5281006755727646,0.8217488478227447
456,-1.5461966380718484,0.8250456067175772
457,-1.5642071557583077,0.8281934468457337
458,-1.5821331095055935,0.8311965597559665
459,-1.5999754299809659,0.8340593781208034
460,-1.6177350907685486,0.8367864831440652
461,-1.6354131021654037,0.839382531576076
462,-1.6530105055810835,0.8418521985008928
463,-1.6705283684789325,0.8442001328157545
464,-1.6879677798043484,0.846430922925322
465,-1.7053298458512092,0.8485490706544667
466,-1.7226156865230144,0.8505589717686237
467,-1.7398264319499475,0.852464901799858
468,-1.7569632194272191,0.8542710061253747
469,-1.7740271906437115,0.8559812934454735
470,-1.7910194891731066,0.8575996319696367
471,-1.807941258202679,0.8591297477501872
472,-1.8247936384773407,0.8605752247088796
473,-1.8415777664388944,0.8619395059877186
474,-1.858294772542412,0.8632258963251354
475,-1.8749457797334788,0.8644375652154481
476,-1.891531902071663,0.8655775506558042
477,-1.9080542434869379,0.8666487633225142
478,-1.924513896657184,0.8676539910494508
479,-1.9409119419959395,0.8685959035062973
480,-1.9572494467406816,0.8694770569949374
481,-1.9735274641327745,0.8702998992990036
482,-1.9897470326811522,0.8710667745352687
483,-2.00590917550245,0.8717799279667031
484,-2.0220148997310536,0.872441510746095
485,-2.0380651959931155,0.8730535845665149
486,-2.0540610379391007,0.8736181262008957
487,-2.070003381830035,0.8741370319178541
488,-2.0858931661729128,0.8746121217647838
489,-2.101731311401292,0.8750451437123945
490,-2.11751871959735,0.8754377776573729
491,-2.133256274252081,0.8757916392818182
492,-2.1489448400605906,0.8761082837696629
493,-2.164585262749697,0.8763892093814791
494,-2.1801783689353464,0.8766358608899838
495,-2.195724966007543,0.8768496328792191
496,-2.2112258420406925,0.87703187291086
497,-2.2266817657274776,0.877183884561415
498,-2.2420934863345363,0.8773069303342642
499,-2.257461733678334,0.8774022344505576
500,-2.272787218119865,0.8774709855229869
501,-2.2880706305768066,0.8775143391163607
502,-2.303312642551982,0.877533420198783
503,-2.318513906177041,0.8775293254870475
504,-2.3336750542703837,0.8775031256896539
505,-2.3487967004084056,0.8774558676506066
506,-2.3638794390093048,0.8773885763968968
507,-2.3789238454286505,0.8773022570922955
508,-2.393930476066084,0.8771978968997954
509,-2.4088998684825413,0.8770764667547615
510,-2.4238325415274127,0.8769389230505448
511,-2.438728995475167,0.8767862092380359
512,-2.4535897121709707,0.8766192573403455
513,-2.4684151551848736,0.8764389893835192
514,-2.48320576997422,0.8762463187439288
515,-2.497961984053893,0.8760421514127255
516,-2.512684207174108,0.87582738717749
517,-2.527372831505471,0.8756029207209967
518,-2.5420282318310172,0.8753696426367896
519,-2.5566507657450175,0.8751284403610855
520,-2.5712407738583036,0.8748801990203396
521,-2.5857985800099397,0.8746258021936754
522,-2.600324491484994,0.8743661325892471
523,-2.614818799238329,0.8741020726335184
524,-2.6292817781241244,0.8738345049723707
525,-2.6437136871310742,0.8735643128829167
526,-2.658114769623046,0.8732923805948989
527,-2.6724852535850805,0.8730195935205705
528,-2.686825351874577,0.8727468383920333
529,-2.701135262477536,0.8724750033050923
530,-2.7154151687697117,0.8722049776688353
531,-2.729665239782513,0.8719376520603062
532,-2.7438856304735553,0.8716739179838607
533,-2.7580764820016914,0.8714146675350325
534,-2.7722379220063407,0.8711607929690252
535,-2.7863700648910315,0.8709131861742639
536,-2.800473012110951,0.8706727380517961
537,-2.814546852464345,0.8704403378017179
538,-2.82859166238759,0.8702168721182219
539,-2.8426075062537763,0.8700032242953118
540,-2.856594436674602,0.8698002732456985
541,-2.870552494805374,0.869608892435892
542,-2.884481710652921,0.8694299487410154
543,-2.898382103386201,0.8692643012233903
544,-2.912253681649377,0.8691127998394833
545,-2.926096443877132,0.8689762840803392
546,-2.93991037861197,0.8688555815511566
547,-2.953695464823259,0.8687515064961946
548,-2.967451672227764,0.8686648582757075
549,-2.981178961611365,0.8685964198020893
550,-2.994877285151729,0.868546955942877
551,-3.008546586741613,0.8685172118986788
552,-3.02218680231251,0.8685079115644855
553,-3.0357978601583473,0.8685197558831496
554,-3.0493796812589307,0.8685534212001057
555,-3.0629321796028095,0.868609557628624
556,-3.076455262509237,0.8686887874350454
557,-3.089948830948947,0.8687917034535368
558,-3.103412779863366,0.8689188675399192
559,-3.116846998481979,0.8690708090740606
560,-3.130251370637508,0.8692480235201882
561,3.139559532101019,0.8694509710542551
562,3.1262152214000998,0.8696800752672058
563,3.112901134932604,0.8699357219526042
564,3.099617407356257,0.8702182579866421
565,3.0863641771938,0.8705279903080262
566,3.073141586537712,0.8708651850046426
567,3.059949780759261,0.8712300665132536
568,3.0467889082222963,0.87162281693776
569,3.03365912000196,0.8720435754908086
570,3.020560569608626,0.87249243806271
571,3.00749341271735,0.8729694569208025
572,2.9944578069030157,0.8734746405415196
573,2.981453911381448,0.8740079535765486
574,2.9684818867567,0.8745693169535674
575,2.9555418947746825,0.8751586081111644
576,2.9426340980833667,0.8757756613666675
577,2.9297586599996897,0.8764202684147511
578,2.916915744283299,0.8770921789538647
579,2.904105514917308,0.8777911014367362
580,2.891328135896131,0.878516703940455
581,2.878583771020505,0.8792686151509527
582,2.865872583699765,0.8800464254560597
583,2.853194736761441,0.8808496881407469
584,2.8405503922681787,0.8816779206776532
585,2.8279397113420344,0.8825306061055699
586,2.8153628539960973,0.8834071944881909
587,2.802819978973474,0.8843071044451435
588,2.7903112435935298,0.885229724747109
589,2.777836803605371,0.8861744159666985
590,2.7653968130484916,0.8871405121766733
591,2.75299142412045,0.8881273226871098
592,2.7406207870515416,0.8891341338131604
593,2.7282850499862543,0.890160210665198
594,2.7159843588714696,0.8912047989533015
595,2.7037188573511557,0.8922671267982841
596,2.6914886866674728,0.8933464065417333
597,2.6792939855680813,0.8944418365478523
598,2.6671348902194647,0.8955526029902448
599,2.6550115341260674,0.8966778816171543
600,2.6429240480550873,0.897816839489069
601,2.630872559966644,0.8989686366830093
602,2.6188571949491646,0.9001324279582313
603,2.6068780751597256,0.9013073643784864
604,2.5949353197691365,0.9024925948863908
605,2.5830290449115174,0.9036872678258415
606,2.571159363638145,0.9048905324087886
607,2.5593263858753144,0.9061015401230071
608,2.547530218385972,0.9073194460778184
609,2.5357709647348763,0.908543410284958
610,2.524048725257,0.9097725988719924
611,2.512363597028976,0.9110061852258062
612,2.500715673843265,0.9122433510637388
613,2.489105046184814,0.9134832874298837
614,2.477531801209927,0.9147251956139014
615,2.4659960227270523,0.915968287989359
616,2.4544977911792234,0.9172117887681043
617,2.4430371836278115,0.9184549346664267
618,2.4316142737373063,0.9196969754777099
619,2.4202291317607525,0.9209371745448277
620,2.408881824525471,0.9221748091235819
621,2.397572415418651,0.9234091706258285
622,2.3863009643723547,0.9246395647273822
623,2.375067527847378,0.9258653113209747
624,2.3638721588153366,0.927085744288031
625,2.352714906738276,0.9283002110541511
626,2.3415958175448424,0.9295080718810267
627,2.3305149336019593,0.9307086988307628
628,2.319472293680579,0.9319014743153362
629,2.3084679329138105,0.9330857891115995
630,2.2975018827450846,0.934261039677191
631,2.2865741708634904,0.9354266245402171
632,2.275684821122336,0.9365819394499804
633,2.2648338534357784,0.9377263708622576
634,2.25402128364658,0.9388592871909011
635,2.243247123355601,0.9399800271060083
636,2.232511379700462,0.9410878840641975
637,2.221814055066687,0.9421820863983127
638,2.2111551467099773,0.9432617730757408
639,2.2005346462640403,0.94432596738605
640,2.189952539107882,0.9453735551770802
641,2.17940880357485,0.9464032804561403
642,2.168903410010911,0.9474137748717372
643,2.1584363197338305,0.9484036300117058
644,2.148007483995844,0.9493714993295915
645,2.137616843080032,0.9503161957488667
646,2.1272643256415904,0.9512367538372334
647,2.116949848347657,0.9521324486835558
648,2.1066733158076687,0.9530027834198317
649,2.096434620746626,0.953847461815446
650,2.086233644360533,0.9546663574577071
651,2.0760702567971077,0.9554594850805416
652,2.0659443177156316,0.9562269758403028
653,2.0558556768913014,0.9569690566077347
654,2.0458041748392795,0.9576860327536999
655,2.0357896434411344,0.9583782738084046
656,2.0258119065619464,0.9590462014453562
657,2.015870780650328,0.9596902793486547
658,2.0059660753163193,0.9603110046199159
659,1.9960975938842116,0.9609089004585305
660,1.986265133918616,0.9614845099072196
661,1.9764684877231244,0.9620383904980048
662,1.9667074428115325,0.9625711096657774
663,1.956981782352068,0.9630832408207384
664,1.9472912855853612,0.9635753599894228
665,1.937635728217115,0.964048042948379
666,1.9280148827865273,0.9645018627859917
667,1.918428519011609,0.9649373878371782
668,1.908876404112579,0.9653551799432754
669,1.8993583031144696,0.9657557929957674
670,1.8898739791301524,0.9661397717278508
671,1.8804231936248816,0.9665076507223722
672,1.8710057066634442,0.9668599536085898
673,1.8616212771409903,0.9671971924235689
674,1.8522696629985054,0.9675198671169708
675,1.8429506214239184,0.9678284651805242
676,1.8336639090397158,0.9681234613857281
677,1.8244092820779334,0.9684053176152753
678,1.8151864965433224,0.9686744827754209
679,1.8059953083654443,0.9689313927780332
680,1.796835473540426,0.9691764705824024
681,1.7877067482630105,0.9694101262880659
682,1.7786088890495788,0.9696327572709511
683,1.7695416528526804,0.969844748356064
684,1.7605047971676624,0.9700464720207607
685,1.7514980801319113,0.9702382886233717
686,1.74252126061714,0.970420546652584
687,1.7335740983152748,0.9705935829935515
688,1.724656353818247,0.9707577232072132
689,1.7157677886921678,0.9709132818197379
690,1.70690816554624,0.9710605626194094
691,1.6980772480967061,0.9711998589586187
692,1.6892748012262275,0.971331454058936
693,1.6805005910389423,0.9714556213175087
694,1.671754384911505,0.9715726246132771
695,1.6630359515403572,0.9716827186117071
696,1.6543450609855064,0.9717861490669394
697,1.6456814847110024,0.9718831531204084
698,1.6370449956223483,0.9719739595951429
699,1.6284353681010513,0.972058789285085
700,1.6198523780364738,0.9721378552388786
701,1.6112958028552036,0.9722113630376809
702,1.6027654215480458,0.9722795110666379
703,1.5942610146948517,0.9723424907797428
704,1.5857823644872766,0.9724004869578634
705,1.5773292547496334,0.9724536779597842
706,1.5689014709579439,0.9725022359661588
707,1.5604988002573161,0.972546327216318
708,1.5521210314777514,0.9725861122379089
709,1.54376795514848,0.9726217460693825
710,1.5354393635109183,0.9726533784753708
711,1.5271350505303525,0.9726811541550194
712,1.5188548119064016,0.9727052129433621
713,1.5105984450823537,0.9727256900058452
714,1.5023657492534628,0.9727427160261163
715,1.494156525374234,0.9727564173872119
716,1.4859705761647877,0.9727669163462802
717,1.4778077061163593,0.9727743312029937
718,1.469667721495984,0.972778776461797
719,1.461550430350402,0.9727803629881556
720,1.453455642509274,0.9727791981589635
721,1.4453831695876855,0.9727753860072722
722,1.437332824988056,0.972769027361509
723,1.4293044239014276,0.9727602199793437
724,1.4212977833082119,0.9727490586763702
725,1.413312721978398,0.9727356354497654
726,1.4053490604712768,0.9727200395970829
727,1.397406621134693,0.972702357830341
728,1.3894852281038597,0.9726826743855584
729,1.381584707299761,0.972661071127891
730,1.3737048864271697,0.9726376276525155
731,1.3658455949722723,0.9726124213814061
732,1.358006664199978,0.9725855276561453
733,1.3501879271508679,0.9725570198269025
734,1.3423892186378523,0.972526969337718
735,1.334610375242513,0.9724954458082165
736,1.3268512353111717,0.9724625171118758
737,1.3191116389506898,0.9724282494509741
738,1.3113914280240058,0.9723927074283265
739,1.303690446145431,0.9723559541159269
740,1.2960085386757105,0.9723180511206025
741,1.2883455527168557,0.9722790586467824
742,1.280701337106766,0.9722390355564826
743,1.2730757424136347,0.9721980394266038
744,1.2654686209301642,0.972156126603629
745,1.2578798266675795,0.972113352255818
746,1.2503092153494604,0.9720697704229734
747,1.242756644405383,0.9720254340638672
748,1.2352219729643943,0.9719803951014023
749,1.227705061848314,0.9719347044655817
750,1.2202057735648484,0.97188841213436
751,1.2127239723005727,0.9718415671724414
752,1.2052595239137271,0.9717942177680928
753,1.1978122959268533,0.9717464112680303
754,1.1903821575192939,0.9716981942104397
755,1.1829689795195193,0.9716496123561885
756,1.175572634397304,0.9716007107182818
757,1.1681929962557651,0.9715515335896135
758,1.1608299408232285,0.9715021245690623
759,1.1534833454449671,0.9714525265859788
760,1.1461530890747749,0.9714027819231094
761,1.1388390522664007,0.9713529322379975
762,1.1315411171648335,0.9713030185829055
763,1.1242591674974258,0.9712530814232935
764,1.1169930885648955,0.9712031606548938
765,1.1097427672321503,0.9711532956194168
766,1.1025080919189783,0.9711035251189204
767,1.0952889525905902,0.9710538874288794
768,1.0880852407480022,0.9710044203099829
769,1.0808968494182618,0.9709551610186906
770,1.0737236731445516,0.9709061463165797
771,1.0665656079760948,0.9708574124785077
772,1.0594225514579392,0.9708089952996196
773,1.0522944026205747,0.9707609301012283
774,1.0451810619693924,0.9707132517355913
775,1.0380824314739827,0.9706659945896094
776,1.030998414557282,0.9706191925874753
777,1.023928916084549,0.9705728791922933
778,1.0168738423521828,0.9705270874066982
779,1.0098331010763786,0.9704818497724943
780,1.0028066013816141,0.9704371983693384
781,0.9957942537889798,0.9703931648124977
782,0.9887959702043243,0.9703497802496958
783,0.9818116639062386,0.9703070753570816
784,0.9748412495338881,0.9702650803343403
785,0.9678846430746384,0.9702238248989727
786,0.9609417618515461,0.9701833382797682
787,0.9540125245106431,0.9701436492094991
788,0.947096851008072,0.9701047859168604
789,0.9401946625970374,0.9700667761176838
790,0.9333058818145801,0.9700296470054544
791,0.9264304324681756,0.9699934252411571
792,0.9195682396221663,0.9699581369424847
793,0.9127192295840005,0.9699238076724345
794,0.9058833298903106,0.9698904624273295
795,0.899060469292803,0.9698581256242931
796,0.8922505777439794,0.9698268210882124
797,0.8854535863826818,0.9697965720382237
798,0.8786694275194511,0.9697674010737575
799,0.8718980346217264,0.9697393301601763
800,0.8651393422988602,0.9697123806140486
801,0.8583932862869675,0.9696865730880925
802,0.8516598034335876,0.9696619275558317
803,0.8449388316821993,0.9696384632960081
804,0.8382303100565494,0.9696161988767855
805,0.8315341786448174,0.9695951521397987
806,0.8248503785836313,0.9695753401840824
807,0.8181788520418897,0.9695567793499335
808,0.8115195422044593,0.9695394852027501
809,0.8048723932556886,0.9695234725168949
810,0.7982373503627878,0.9695087552596315
811,0.7916143596590411,0.9694953465751874
812,0.7850033682268849,0.9694832587689872
813,0.7784043240808367,0.9694725032921128
814,0.77181717615029,0.9694630907260379
815,0.765241874262173,0.9694550307676947
816,0.7586783691234682,0.9694483322149179
817,0.752126612303625,0.9694430029523244
818,0.7455865562168389,0.9694390499376807
819,0.7390581541042198,0.9694364791888078
820,0.7325413600158608,0.9694352957710799
821,0.726036128792783,0.969435503785569
822,0.7195424160488118,0.969437106357884
823,0.7130601781523411,0.9694401056277611
824,0.7065893722080314,0.9694445027394502
825,0.7001299560384096,0.9694502978329524
826,0.6936818881654357,0.9694574900361537
827,0.6872451277919704,0.9694660774579029
828,0.6808196347832165,0.9694760571820796
829,0.674405369648103,0.9694874252626956
830,0.6680022935206391,0.9695001767200743
831,0.6616103681412377,0.9695143055381434
832,0.6552295558380166,0.969529804662884
833,0.6488598195080911,0.9695466660019665
834,0.6425011225988724,0.9695648804256111
835,0.6361534290893684,0.9695844377686966
836,0.6298167034714932,0.9696053268341517
837,0.6234909107314254,0.9696275353976451
838,0.6171760163309921,0.969651050213601
839,0.6108719861890896,0.9696758570225527
840,0.6045787866631886,0.9697019405598513
841,0.5982963845308801,0.9697292845657363
842,0.5920247469715212,0.9697578717967761
843,0.585763841547952,0.969787684038678
844,0.5795136361883271,0.96981870212047
845,0.5732740991680492,0.9698509059300429
846,0.567045199091823,0.9698842744310464
847,0.5608269048758412,0.9699187856811253
848,0.5546191857301215,0.9699544168514725
849,0.5484220111409728,0.969991144247682
850,0.542235350853655,0.9700289433318716
851,0.5360591748551922,0.9700677887460458
852,0.5298934533573687,0.9701076543366618
853,0.5237381567799309,0.9701485131803631
854,0.5175932557339908,0.9701903376108356
855,0.5114587210056338,0.9702330992467386
856,0.5053345235397673,0.9702767690206644
857,0.49922063442418607,0.9703213172090688
858,0.49311702487389447,0.9703667134631189
859,0.4870236662156786,0.9704129268403944
860,0.48094052987293145,0.9704599258373849
861,0.4748675873507692,0.9705076784227133
862,0.4688048102213977,0.9705561520710193
863,0.46275217010979713,0.9706053137974319
864,0.45670963867967423,0.9706551301925623
865,0.4506771876197433,0.9707055674579397
866,0.4446547886302932,0.9707565914418176
867,0.43864241341009325,0.9708081676752747
868,0.4326400336436069,0.9708602614085339
869,0.42664762098854037,0.9709128376474214
870,0.4206651470637277,0.9709658611898911
871,0.4146925834373645,0.9710192966625358
872,0.4087299016155607,0.9710731085570106
873,0.40277707303128424,0.9711272612662899
874,0.39683406903361784,0.9711817191206894
875,0.3909008608774085,0.9712364464235729
876,0.38497741971324895,0.9712914074866782
877,0.379063716577847,0.9713465666649911
878,0.373159722384744,0.9714018883910985
879,0.36726540791541473,0.971457337208959
880,0.36138074381072255,0.9715128778070249
881,0.3555057005627595,0.9715684750506592
882,0.3496402485070475,0.9716240940137909
883,0.3437843578151136,0.9716797000097529
884,0.33793799848743666,0.9717352586212562
885,0.33210114034676846,0.9717907357294512
886,0.32627375303180517,0.971846097542034
887,0.32045580599126006,0.9719013106203602
888,0.3146472684782588,0.971956341905527
889,0.30884810954514,0.9720111587433963
890,0.3030582980385749,0.9720657289085283
891,0.29727780259508724,0.9721200206270009
892,0.2915065916368815,0.9721740025980985
893,0.28574463336805755,0.9722276440148493
894,0.27999189577114575,0.9722809145834013
895,0.27424834660400393,0.9723337845412269
896,0.26851395339702555,0.9723862246741504
897,0.26278868345070516,0.9724382063322
898,0.2570725038335035,0.9724897014442792
899,0.2513653813800551,0.972540682531669
900,0.24566728268968127,0.972591122720366
901,0.23997817412519737,0.9726409957522661
902,0.2342980218120487,0.9726902759952124
903,0.2286267916377207,0.9727389384519177
904,0.2229644492514484,0.9727869587677859
905,0.217310960064198,0.9728343132376517
906,0.2116662892489331,0.9728809788114628
907,0.20603040174115136,0.9729269330989303
908,0.20040326223966318,0.9729721543731739
909,0.1947848352076542,0.9730166215733942
910,0.18917508487396237,0.9730603143066
911,0.1835739752346199,0.9731032128484245
912,0.17798147005460918,0.9731452981430625
913,0.17239753286985746,0.973186551802365
914,0.16682212698943985,0.9732269561041231
915,0.16125521549799138,0.9732664939895819
916,0.15569676125832885,0.9733051490602139
917,0.15014672691426223,0.9733429055737975
918,0.14460507489359362,0.9733797484398282
919,0.13907176741130087,0.9734156632143057
920,0.13354676647289285,0.9734506360939332
921,0.12803003387793122,0.9734846539097636
922,0.12252153122370732,0.973517704120329
923,0.11702121990908207,0.9735497748042937
924,0.11152906113845848,0.9735808546526604
925,0.10604501592590562,0.9736109329605699
926,0.10056904509940677,0.9736399996187258
927,0.09510110930523716,0.973668045104479
928,0.08964116901246008,0.9736950604726046
929,0.08418918451753551,0.9737210373458027
930,0.07874511594904442,0.9737459679049558
931,0.07330892327249726,0.973769844879172
932,0.06788056629525904,0.9737926615356416
933,0.062460004671547976,0.9738144116693402
934,0.05704719790752819,0.9738350895925995
935,0.05164210536647549,0.9738546901245752
936,0.04624468627402553,0.9738732085806369
937,0.04085489972348253,0.9738906407617036
938,0.035472704681196204,0.9739069829435468
939,0.030098059992002855,0.9739222318660833
940,0.024730924384704457,0.9739363847226795
941,0.019371256477626917,0.9739494391494855
942,0.014019014784195183,0.9739613932148166
943,0.008674157718572249,0.9739722454086023
944,0.0033366436013186665,0.9739819946319176
945,-0.0019935693348867253,0.9739906401866101
946,-0.007316522939534909,0.9739981817650415
947,-0.012632259138502877,0.974004619439953
948,-0.017940819928283135,0.9740099536544692
949,-0.02324224737016347,0.9740141852122511
950,-0.028536583584412932,0.9740173152678097
951,-0.03382387074443229,0.9740193453169882
952,-0.03910415107090983,0.9740202771876248
953,-0.044377466825948696,0.9740201130304005
954,-0.04964386030720849,0.974018855309883
955,-0.05490337384201663,0.97401650679577
956,-0.0601560497815117,0.974013070554341
957,-0.06540193049474509,0.9740085499401208
958,-0.070641058362819,0.9740029485877594
959,-0.07587347577301108,0.9739962704041342
960,-0.08109922511290903,0.9739885195606753
961,-0.08631834876454937,0.9739797004859215
962,-0.09153088909856623,0.9739698178583023
963,-0.09673688846835328,0.9739588765991546
964,-0.10193638920423466,0.9739468818659732
965,-0.10712943360764651,0.9739338390458959
966,-0.11231606394533891,0.9739197537494227
967,-0.11749632244358589,0.9739046318043738
968,-0.12267025128241585,0.973888479250081
969,-0.12783789258986492,0.973871302331818
970,-0.13299928843622877,0.973853107495463
971,-0.13815448082836237,0.9738339013823986
972,-0.14330351170397052,0.9738136908246431
973,-0.14844642292594323,0.9737924828402164
974,-0.153583256276691,0.9737702846287349
975,-0.15871405345252068,0.9737471035672375
976,-0.16383885605801865,0.9737229472062375
977,-0.16895770560046786,0.9736978232660015
978,-0.17407064348427717,0.9736717396330518
979,-0.17917771100544247,0.9736447043568895
980,-0.18427894934603128,0.9736167256469378
981,-0.18937439956868232,0.973587811869702
982,-0.19446410261114114,0.9735579715461439
983,-0.19954809928080877,0.9735272133492686
984,-0.20462643024932461,0.973495546101921
985,-0.20969913604717427,0.9734629787747888
986,-0.21476625705830288,0.9734295204846111
987,-0.21982783351478408,0.9733951804925879
988,-0.22488390549148932,0.9733599682029902
989,-0.22993451290079148,0.973323893161966
990,-0.2349796954872885,0.9732869650565412
991,-0.24001949282256455,0.973249193713811
992,-0.24505394429995891,0.9732105891003229
993,-0.2500830891293655,0.9731711613216429
994,-0.2551069663320684,0.9731309206221088
995,-0.26012561473558127,0.9730898773847639
996,-0.26513907296852884,0.9730480421314693
997,-0.27014737945553896,0.9730054255231941
998,-0.275150572412173,0.9729620383604786
999,-0.28014868983986774,0.9729178915840704
1000,-0.2851417695209044,0.9728729962757304
