Step,Phi_Angle,K_Strength,Alpha,Mu,Dissonance
20,2.4801020181031426,0.00822797786553483,0.00018946402356531788,0.8999800535976434,0.9965011469115062
40,0.6173172371725913,0.027135856538121485,0.00036943833355590516,0.8999600561666444,0.9931412135676521
60,3.0868534649374038,0.046477040464685114,0.0005488848294859014,0.8999401115170514,0.9902998369649106
80,1.1354233664183966,0.025216781889271716,0.0007282278704886086,0.8999201772129513,0.987741385721636
100,-0.412817831633848,0.08928946290475355,0.0009055302746091204,0.8999004469725393,1.0286931487517452
120,-2.679241850139923,0.04164900142205491,0.001,0.8998807468691679,0.9560777199860355
140,-1.6206523497046268,0.09514302864008357,0.001,0.8998611713445361,0.9543105600665391
160,-0.6598298160644761,0.1278123491978919,0.001,0.8998422858984226,0.961073809830653
180,0.27646132725526346,0.14794815206125614,0.001,0.8998219440797225,1.038296547346413
200,2.3027690890727834,0.09004310775107553,0.001,0.8998018382662101,0.9839848171494439
220,-2.423781639665493,0.05090446844113646,0.001,0.8997826436059273,0.9395132110897813
240,-1.5043423591410197,0.13104572078071067,0.001,0.8997637962830316,0.9669021334534593
260,-0.5431736456757454,0.18856778538516392,0.001,0.8997441010885245,0.9677928461660702
280,0.8264305148221147,0.18426703145253182,0.001,0.8997251672099525,0.9437890830426244
300,2.3411752932337215,0.10502987112831212,0.001,0.8997062011006436,0.9445922450908311
320,-2.8602126198990523,0.05049407276129748,0.001,0.8996877321377328,0.9015729189439439
340,-2.230777994914416,0.11696848131070425,0.001,0.8996700425010739,0.8766815026530056
360,-1.8335050294156818,0.1867223956449159,0.001,0.8996522800535389,0.9056227770944789
380,-1.511633353299921,0.24621745965509714,0.001,0.899633695846776,0.9494443330074596
400,-1.1805440722283014,0.29627821319426517,0.001,0.8996142448506352,0.9940178653716231
420,-0.7977303120464314,0.33524536639238406,0.001,0.8995941012941425,1.0085823729256955
440,-0.3452226604805557,0.3581029956670972,0.001,0.8995743787671788,0.9586562922674912
460,0.17642195394708388,0.3586094106889904,0.001,0.8995558942338602,0.8947083272288718
480,0.7444845460100757,0.3334447673460297,0.001,0.8995385372503875,0.8461891814629332
500,1.3145081006285362,0.28431685164764076,0.001,0.8995219803975544,0.8141095994840276
520,1.83711116578691,0.2208775594683166,0.001,0.8995058112988993,0.8095471884492677
540,2.2783017493024396,0.15826206445470897,0.001,0.8994892435964169,0.8541738101311782
560,2.6242040978240855,0.11367705076182355,0.001,0.8994712845278189,0.9408210090682412
580,2.8733465767520494,0.10722957823920588,0.001,0.8994516068160527,1.0167719122763743
600,3.0301507947750745,0.13943736804441564,0.001,0.8994308687909697,1.0482885608915535
620,3.1059572788681407,0.1918031657286491,0.001,0.8994098982052617,1.0438998719698405
640,3.1227089449328296,0.25328137084547914,0.001,0.8993893311001325,1.0096975851059269
660,3.1088176800718794,0.3179548243597431,0.001,0.8993697231054086,0.95103523092459
680,3.087898337585457,0.3797410382552578,0.001,0.899351396625065,0.8855472865267366
700,3.0724712944694152,0.43635111249492564,0.001,0.8993342977215031,0.8295037561283459
720,3.065976619645152,0.4887021833933168,0.001,0.899318146922372,0.7908889986124935
740,3.067174965324895,0.5357526314116884,0.001,0.8993025308989295,0.7757783178682921
760,3.0732548072163315,0.5764568623027125,0.001,0.8992869540690577,0.7850358698859051
780,3.081290508799218,0.6112759601240522,0.001,0.8992710043012976,0.8102343292959743
800,3.088646034193647,0.6410394205665298,0.001,0.8992545108655114,0.8366204164210812
820,3.09291657510881,0.6667722589360879,0.001,0.8992376128277862,0.8493924808278932
840,3.0917290817504455,0.6895307561550332,0.001,0.8992206689003699,0.842114043420912
860,3.082535013647174,0.7102202014567722,0.001,0.8992040497397571,0.8190756654292176
880,3.062440756750366,0.7294832218872684,0.001,0.8991879743138097,0.7896550376277609
900,3.028086792674328,0.7476840600609149,0.001,0.8991724786601759,0.7621246274626261
920,2.9755788231039197,0.7649354724065689,0.001,0.899157464797603,0.7417924078486016
940,2.9004801772864823,0.7811064395426838,0.001,0.8991427511759831,0.7320447369790838
960,2.7978893647037415,0.7957768284225569,0.001,0.8991280996335402,0.7352263566964392
980,2.6626468404695682,0.8081299448437292,0.001,0.8991132399081637,0.7521511253360336
1000,2.48973663676935,0.816794492362418,0.001,0.8990979046463748,0.781867523241304
1020,2.2749585224458366,0.8196790205570386,0.001,0.8990818586952716,0.822259782149065
1040,2.015914352608614,0.8138949716861158,0.001,0.8990649189307179,0.8702726960427244
1060,1.713230266761608,0.795925049425637,0.001,0.8990469747403854,0.9217399421775887
1080,1.3716958304858826,0.7621996340424431,0.001,0.8990280103776912,0.971449464699921
1100,1.0007301553303254,0.7100946457647141,0.001,0.8990081199510885,1.013811466960997
1120,0.6135626521530755,0.639037700801477,0.001,0.898987502986012,1.0440529326924752
1140,0.2250241238514015,0.5511539473943435,0.001,0.8989664349404852,1.0594181114227315
1160,-0.15130529178726349,0.4511961194764435,0.001,0.8989452185715685,1.0598745848071451
1180,-0.5053834183508003,0.34615085947739743,0.001,0.8989241255938475,1.0483714515666176
1200,-0.831612439617818,0.24290280038423107,0.001,0.8989033518850326,1.0289212156135759
1220,-1.128397778026271,0.14675650543007773,0.001,0.8988830244355225,1.0044005030311027
1240,-1.3970090111869244,0.06818709860820009,0.001,0.8988632212396731,0.9769614756195729
1260,-1.6403846650542728,0.06628267145792216,0.001,0.8988439816990171,0.9483598323560261
1280,-1.8621966055262262,0.12950666164484756,0.001,0.8988253130903784,0.9200803392363499
1300,-2.06623644113557,0.19551175739960377,0.001,0.8988071952942498,0.8933932961499812
1320,-2.256068325951713,0.2564176706446797,0.001,0.8987895849236924,0.869364811163754
1340,-2.4348645071200044,0.3112249516421452,0.001,0.8987724194644019,0.8488511977524787
1360,-2.6053518517057097,0.35986003877772194,0.001,0.8987556214871015,0.8324988316065479
1380,-2.7698191432570867,0.4024454907325858,0.001,0.8987391028039041,0.8207474630864459
1400,-2.9301536546122002,0.43917048238356415,0.001,0.8987227686716579,0.8138204954794231
1420,-3.0878884296558113,0.47028001849058104,0.001,0.8987065223441533,0.8117036152158832
1440,3.038935487734283,0.49607405093733553,0.001,0.89869026991678,0.8141415001999475
1460,2.8829853178292395,0.5168910097916614,0.001,0.8986739248579698,0.8206705616949469
1480,2.726712812166452,0.5330842578927572,0.001,0.8986574116230049,0.8306727908291117
1500,2.5695842779925253,0.5450024419967066,0.001,0.8986406681781509,0.8434279790432047
1520,2.4112428825191845,0.5529772566688551,0.001,0.89862364760361,0.8581535557679029
1540,2.251489927432972,0.5573179153844048,0.001,0.8986063190343594,0.8740321210064508
1560,2.0902688564368894,0.558310933395981,0.001,0.8985886681418207,0.8902310508913791
1580,1.927650534473228,0.5562244334748918,0.001,0.8985706972648769,0.9059188071026993
1600,1.7638185301730454,0.5513169931124909,0.001,0.8985524252183256,0.9202813094978783
1620,1.5990534189121808,0.5438517490593255,0.001,0.8985338867556839,0.9325402280378784
1640,1.4337154892334965,0.5341169568407915,0.001,0.8985151316394699,0.941973846965334
1660,1.268225656348213,0.5224543132223848,0.001,0.8984962232675563,0.9479404199700483
1680,1.1030448240918644,0.5092957545073532,0.001,0.8984772368093199,0.9499036715883828
1700,0.9386523400551281,0.49520751890458264,0.001,0.8984582568111421,0.9474602737006347
1720,0.7755245018339624,0.4809360209350541,0.001,0.8984393742271012,0.9403699708344858
1740,0.6141142415546097,0.46744234145089225,0.001,0.8984206827892219,0.9285925315217927
1760,0.4548330750043472,0.4559000749088201,0.001,0.8984022743913371,0.912356877305496
1780,0.29803586756774236,0.4476104080972836,0.001,0.8983842311947373,0.8925090170382584
1800,0.14400499560944421,0.44354822917881004,0.001,0.8983665933532807,0.8728520417779493
1820,-0.007077311418732603,0.44310629844097027,0.001,0.8983492991267961,0.8582565868816288
1840,-0.15514067978303217,0.44486924965190305,0.001,0.8983322375472695,0.8492356052291365
1860,-0.3002015981426925,0.4477083896722769,0.001,0.8983153032355378,0.8451569886367345
1880,-0.4423336785587131,0.45085734224544194,0.001,0.898298405576301,0.8452269141305516
1900,-0.5816441986013763,0.4538335650121931,0.001,0.8982814702107401,0.8486253696230237
1920,-0.7182568080964,0.4563575280716977,0.001,0.8982644390624496,0.8545476138217474
1940,-0.8522992250843118,0.4582890931006652,0.001,0.8982472698216396,0.8622219758192567
1960,-0.9838948114676171,0.4595823353564525,0.001,0.8982299351920794,0.870917464062727
1980,-1.1131571155474813,0.46025578522091665,0.001,0.8982124220462786,0.8799461740550404
2000,-1.2401866600824294,0.4603745563954295,0.001,0.8981947305615933,0.8886632742586638
2020,-1.3650694143194537,0.46004140273833216,0.001,0.898176873365441,0.8964663864866365
2040,-1.4878765145138433,0.4593944589056501,0.001,0.8981588746878191,0.9027956186304321
2060,-1.608664894196981,0.4586099219535818,0.001,0.8981407694978962,0.9071351838995158
2080,-1.727478558780422,0.4579080788645934,0.001,0.8981226025845349,0.9090173971224076
2100,-1.8443502947133246,0.4575607949922804,0.001,0.898104427524998,0.9080298403163514
2120,-1.9593036464246645,0.45789779557707283,0.001,0.8980863054690331,0.9038266299586066
2140,-2.0723550293609203,0.4593078075602993,0.001,0.8980683036434819,0.8961451020744224
2160,-2.1835158798443386,0.46222899894906083,0.001,0.8980504934463739,0.8848303801346524
2180,-2.2927947812217058,0.46712114149738443,0.001,0.8980329479160641,0.8698743750933211
2200,-2.400199575226648,0.4744075147024681,0.001,0.8980157380939359,0.8514924851735814
2220,-2.5057396605382602,0.48435313644689665,0.001,0.8979989267102523,0.8303393867947453
2240,-2.609429404513654,0.49675290828774477,0.001,0.8979825530093732,0.8082440698705742
2260,-2.7112954300705807,0.5105025600172035,0.001,0.8979665992533528,0.7888549124718518
2280,-2.811387283655848,0.5242277113384908,0.001,0.8979509799181201,0.7747230137571698
2300,-2.9097805520998854,0.537065858225611,0.001,0.8979355847927031,0.7661011680440368
2320,-3.006570805696865,0.5485883863254597,0.001,0.8979203087997109,0.762450515886362
2340,-3.1018656685251953,0.5586225057235964,0.001,0.8979050597410719,0.7630764106874052
2360,3.0874072188676673,0.5671396399256354,0.001,0.8978897594169808,0.7672856693813909
2380,2.994764127426555,0.5741887153537839,0.001,0.8978743430705758,0.7744282224909215
2400,2.9032808804689805,0.5798567917308786,0.001,0.8978587583964783,0.7839067447843125
2420,2.8128543488548483,0.5842462150828573,0.001,0.8978429644873641,0.7951755454249418
2440,2.723389656535162,0.5874617214795108,0.001,0.8978269308505946,0.8077355221627999
2460,2.6348014492143914,0.5896035484416376,0.001,0.8978106365418479,0.8211278550440314
2480,2.5470146819226445,0.5907642124976906,0.001,0.8977940694266392,0.8349276632894498
2500,2.4599650364106007,0.5910275813543924,0.001,0.8977772255634656,0.8487382260193355
2520,2.373599050552846,0.5904694597794133,0.001,0.8977601086938765,0.8621860579256626
2540,2.287874020595912,0.5891592733363422,0.001,0.8977427298208234,0.8749169695324538
2560,2.202757721478822,0.5871626643529293,0.001,0.8977251068549673,0.8865931650892115
2580,2.118227979193395,0.5845449612893429,0.001,0.8977072643078596,0.8968914093682587
2600,2.0342721211308348,0.5813755717721545,0.001,0.8976892330101762,0.9055023102668336
2620,1.9508863247233197,0.5777333883914406,0.001,0.8976710498318502,0.9121308053069418
2640,1.8680748807793346,0.5737132770092287,0.001,0.8976527573786021,0.9164979974388798
2660,1.7858493852287507,0.5694336173580343,0.001,0.8976344036357827,0.9183445501413262
2680,1.7042278711499028,0.5650446490439311,0.001,0.8976160415255791,0.9174359148269764
2700,1.6232338916307265,0.5607369974293824,0.001,0.897597728337577,0.913569717961221
2720,1.542895562927291,0.55674917193903,0.001,0.8975795249856353,0.9065856831284755
2740,1.4632445761780342,0.5533720343825971,0.001,0.8975614950358429,0.8963785360115499
2760,1.384315184046601,0.5509472902422283,0.001,0.8975437034395681,0.882914551634958
2780,1.3061431649537116,0.5498561256926974,0.001,0.89752621488651,0.8662530892296886
2800,1.2287647593737028,0.5504933753461707,0.001,0.8975090916473919,0.846576566872273
2820,1.152215553420401,0.5532217872971877,0.001,0.897492390652838,0.824238481920774
2840,1.076529237517005,0.55829807321999,0.001,0.8974761592139556,0.7998556087735359
2860,1.0017360520014411,0.5657542385986405,0.001,0.8974604279732782,0.7744977065318934
2880,0.9278605190485696,0.5752344117351865,0.001,0.8974451991293404,0.7499274902562744
2900,0.8549181549029425,0.5859671618417639,0.001,0.8974304344274046,0.7282567552220437
2920,0.7829123047010873,0.5970925546542296,0.001,0.8974160598911665,0.7108204239464287
2940,0.7118332939784104,0.607969423215099,0.001,0.897401986601084,0.697890328074074
2960,0.6416600051913748,0.618207076910075,0.001,0.8973881268502094,0.6891864501091922
2980,0.5723624179854532,0.6275962364195051,0.001,0.8973744008416824,0.6842456680163298
3000,0.5039041354972162,0.6360440566375651,0.001,0.8973607385280992,0.6825720147597529
3020,0.43624456401123357,0.6435286943816922,0.001,0.8973470796097829,0.6836905330866767
3040,0.3693406926095837,0.6500697904866831,0.001,0.8973333728948337,0.6871648588958003
3060,0.3031485092654156,0.6557098368682523,0.001,0.8973195754747132,0.6926009136622857
3080,0.23762411131128824,0.6605026247135115,0.001,0.8973056518919941,0.699645100836744
3100,0.1727245670892645,0.664506215621667,0.001,0.8972915733700374,0.7079803723433533
3120,0.10840857785004632,0.6677787825284547,0.001,0.8972773171299906,0.7173216206559644
3140,0.04463698017404649,0.67037626917151,0.001,0.8972628658007338,0.7274110666395968
3160,-0.018626878818489567,0.6723512045875,0.001,0.8972482069181267,0.7380139606646565
3180,-0.0814168679317182,0.6737522560975606,0.001,0.8972333325055718,0.7489147419786788
3200,-0.1437638799540486,0.6746242612584731,0.001,0.897218238726044,0.7599137115510499
3220,-0.20569570558141836,0.6750085793686642,0.001,0.8972029255951746,0.7708242261107456
3240,-0.26723696090119065,0.6749436672107781,0.001,0.8971873967451156,0.781470397289157
3260,-0.32840905882714394,0.6744658247965136,0.001,0.8971716592293421,0.7916852700665464
3280,-0.3892302169870705,0.6736100829342018,0.001,0.8971557233590922,0.8013094535796798
3300,-0.4497154962187783,0.6724112202203023,0.001,0.8971396025626505,0.8101901813298806
3320,-0.5098768651275115,0.6709049052099214,0.001,0.8971233132590671,0.8181807846471105
3340,-0.5697232871765963,0.6691289612736654,0.001,0.8971068747381468,0.825140571304031
3360,-0.6292608275842919,0.6671247472343723,0.001,0.8970903090386181,0.830935109195663
3380,-0.6884927779308309,0.6649386358508296,0.001,0.8970736408163216,0.8354369219374927
3400,-0.7474197968760914,0.6626235537277015,0.001,0.8970568971940582,0.8385266080619731
3420,-0.8060400657776877,0.6602405193715527,0.001,0.8970401075844895,0.840094397169017
3440,-0.8643494583012823,0.657860080392154,0.001,0.8970233034772244,0.8400421538799792
3460,-0.9223417233444606,0.6555635068805566,0.001,0.8970065181810875,0.8382858328743513
3480,-0.9800086807637953,0.6534435483983005,0.001,0.8969897865126226,0.8347583751987783
3500,-1.0373404295114041,0.6516045124239664,0.001,0.8969731444222695,0.8294130178654198
3520,-1.0943255678640917,0.6501613820281794,0.001,0.8969566285504215,0.8222269675194633
3540,-1.1509514254825035,0.6492376734645375,0.001,0.8969402757067881,0.8132053692032739
3560,-1.2072043070998482,0.6489617562559533,0.001,0.8969241222679811,0.8023854912574666
3580,-1.2630697477615431,0.6494614337666086,0.001,0.8969082034897442,0.7898410604763164
3600,-1.3185327798061266,0.6508567175077192,0.001,0.8968925527310752,0.7756867367371207
3620,-1.3735782123332865,0.6532509134748311,0.001,0.8968772005865726,0.7600828352522514
3640,-1.4281909249535736,0.6567203430543069,0.001,0.8968621739192795,0.743240595786131
3660,-1.4823561794150533,0.6613032069341666,0.001,0.8968474947780983,0.7254284953250105
3680,-1.5360599554218664,0.6669882861473048,0.001,0.8968331791741839,0.7069799706825483
3700,-1.5892893201081848,0.6737045981310585,0.001,0.8968192356954987,0.6883014021273824
3720,-1.6420328414725927,0.6813144709672807,0.001,0.8968056640072318,0.6698740974115471
3740,-1.6942810469296037,0.689615417800107,0.001,0.8967924535075565,0.6522344186044382
3760,-1.746026897395866,0.6983582336283256,0.001,0.8967795827879789,0.6359131997364911
3780,-1.7972661973061739,0.7072821375801007,0.001,0.8967670206932458,0.6213436510641507
3800,-1.8479978331729485,0.71615285964619,0.001,0.8967547291032415,0.6087905307033128
3820,-1.8982237749699744,0.7247858852900445,0.001,0.8967426664911068,0.598342475641611
3840,-1.9479488596994468,0.733050836463866,0.001,0.8967307910662016,0.5899526459545605
3860,-1.997180432934854,0.7408644533655242,0.001,0.8967190629384559,0.5834899772541197
3880,-2.0459279282025222,0.7481800404446282,0.001,0.8967074453520402,0.5787798166405423
3900,-2.094202441167935,0.7549774815630627,0.001,0.8966959052571525,0.5756304455101989
3920,-2.1420163309205913,0.761255160393109,0.001,0.896684413472404,0.5738487235014373
3940,-2.1893828631735253,0.7670238761005582,0.001,0.8966729446140287,0.5732486757204973
3960,-2.23631589984576,0.772302436645561,0.001,0.896661476901869,0.5736558106940345
3980,-2.282829634017058,0.7771145459850995,0.001,0.8966499919075331,0.5749089364792613
4000,-2.328938366658643,0.7814866485993645,0.001,0.8966384742826317,0.5768605434704343
4020,-2.3746563205583096,0.7854464665880987,0.001,0.8966269114885141,0.5793763922285458
4040,-2.419997486712056,0.7890220311042939,0.001,0.8966152935390699,0.5823346881630218
4060,-2.464975498719395,0.7922410633691562,0.001,0.8966036127622586,0.585625072115664
4080,-2.5096035311624396,0.7951306009493665,0.001,0.8965918635824988,0.5891475637839483
4100,-2.553894218446364,0.7977167946197788,0.001,0.8965800423239351,0.5928115384978841
4120,-2.597859591067532,0.8000248224912675,0.001,0.8965681470333983,0.5965347828237151
4140,-2.6415110267262985,0.8020788833098768,0.001,0.896556177321203,0.6002426525250213
4160,-2.684859214102145,0.8039022416111962,0.001,0.8965441342176167,0.6038673426591221
4180,-2.7279141274572782,0.8055173049973173,0.001,0.8965320200427355,0.607347271032419
4200,-2.7706850105334944,0.8069457191081284,0.001,0.8965198382875298,0.6106265710062809
4220,-2.8131803684602747,0.8082084695457582,0.001,0.8965075935039488,0.6136546865299013
4240,-2.855407966605016,0.8093259825585303,0.001,0.8964952912021288,0.6163860604912166
4260,-2.8973748354739968,0.8103182180459604,0.001,0.8964829377529395,0.6187799065032712
4280,-2.9390872809198485,0.8112047496645358,0.001,0.8964705402943122,0.6208000537418533
4300,-2.9805508990321328,0.8120048276864867,0.001,0.8964581066399975,0.6224148542025798
4320,-3.0217705951856972,0.8127374209368365,0.001,0.8964456451896166,0.6235971416178225
4340,-3.062750606799936,0.8134212347218187,0.001,0.8964331648390884,0.6243242311915097
4360,-3.1034945294235508,0.8140747022540971,0.001,0.8964206748907296,0.6245779492409198
4380,3.1391799613734452,0.8147159477468687,0.001,0.8964081849625446,0.624344681777983
4400,3.0988998495275966,0.8153627201410161,0.001,0.8963957048964409,0.6236154310388718
4420,3.0588485874052203,0.8160322973790081,0.001,0.8963832446653311,0.6223858690151254
4440,3.0190248307973286,0.8167413622574281,0.001,0.8963708142792867,0.6206563771961614
4460,2.9794277079426017,0.8175058521650836,0.001,0.8963584236911365,0.6184320620485944
4480,2.9400567797645403,0.818340786409315,0.001,0.8963460827021014,0.6157227362766696
4500,2.9009119987723926,0.8192600762881798,0.001,0.8963338008682404,0.6125428566668021
4520,2.8619936669063057,0.820276324496331,0.001,0.8963215874086728,0.6089114103420744
4540,2.8233023926202874,0.8214006217546996,0.001,0.8963094511166773,0.6048517425479781
4560,2.7848390475113405,0.8226423496143289,0.001,0.8962974002748971,0.6003913206497137
4580,2.7466047228181525,0.824008999087369,0.001,0.8962854425759709,0.5955614308181489
4600,2.7086006861271303,0.8255060149982075,0.001,0.8962735850499466,0.5903968058770985
4620,2.670828338636155,0.8271366756425639,0.001,0.8962618339998626,0.5849351849333286
4640,2.633289173336376,0.8289020164432513,0.001,0.8962501949468267,0.5792168076692539
4660,2.5959847344788347,0.8308008047913501,0.001,0.896238672585851,0.5732838485145819
4680,2.5589165786948582,0.8328295712001496,0.001,0.8962272707535696,0.5671797983126399
4700,2.5220862381362594,0.8349826993622107,0.001,0.8962159924087884,0.5609488035617269
4720,2.4854951859926127,0.8372525748160311,0.001,0.8962048396265843,0.5546349758469696
4740,2.4491448047271414,0.8396297888635995,0.001,0.896193813606398,0.548281686665235
4760,2.413036357349153,0.8421033913289077,0.001,0.8961829146942287,0.5419308654011996
4780,2.377170962008096,0.844661182926974,0.001,0.8961721424186583,0.5356223205455282
4800,2.3415495701512095,0.8472900356506973,0.001,0.8961614955400188,0.5293931060295768
4820,2.3061729484325024,0.8499762279010337,0.001,0.8961509721115547,0.5232769553368327
4840,2.2710416644955416,0.852705780276745,0.001,0.8961405695510001,0.5173038053425325
4860,2.2361560766771533,0.8554647781324496,0.001,0.8961302847205586,0.5114994292178215
4880,2.201516327596106,0.8582396682388245,0.001,0.8961201140129487,0.5058851930488764
4900,2.1671223415042293,0.861017519042838,0.001,0.8961100534409382,0.5004779442788834
4920,2.132973825191848,0.8637862369068253,0.001,0.8961000987277172,0.4952900323111491
4940,2.0990702721608847,0.8665347339796875,0.001,0.8960902453955314,0.4903294535645265
4960,2.0654109697124445,0.8692530466516085,0.001,0.896080488850236,0.48560010600908415
4980,2.031995008545711,0.8719324065172284,0.001,0.8960708244597863,0.4811021326523079
5000,1.9988212944339117,0.8745652681554703,0.001,0.8960612476251346,0.4768323301714125
5020,1.965888561531965,0.8771452996805086,0.001,0.8960517538424885,0.4727845980356998
5040,1.933195386877591,0.8796673429049323,0.001,0.8960423387563685,0.46895040477197014
5060,1.9007402056709843,0.8821273501620187,0.001,0.896032998203346,0.46531925095834004
5080,1.8685213269536487,0.884522304502669,0.001,0.896023728246704,0.4618791124369751
5100,1.8365369493510537,0.8868501292824359,0.001,0.8960145252025526,0.4586168514941854
5120,1.8047851765924112,0.8891095922467839,0.001,0.8960053856581339,0.4555185878711715
5140,1.7732640325709395,0.8913002082427667,0.001,0.8959963064831689,0.4525700251070755
5160,1.7419714757567504,0.8934221437316693,0.001,0.8959872848351649,0.4497567307024523
5180,1.7109054128201033,0.8954761254134291,0.001,0.895978318159595,0.44706437087712814
5200,1.6800637113639287,0.8974633545333798,0.001,0.8959694041858437,0.44447890232069
5220,1.6494442117006627,0.8993854278360092,0.001,0.8959605409197354,0.4419867243856646
5240,1.6190447376391277,0.901244265654765,0.001,0.8959517266334011,0.43957479576267067
5260,1.588863106272877,0.9030420472682948,0.001,0.8959429598531464,0.4372307199141659
5280,1.5588971367820232,0.9047811533944924,0.001,0.8959342393459004,0.43494280352846204
5300,1.529144658276912,0.9064641155159808,0.001,0.8959255641047437,0.4327000920715938
5320,1.4996035167243458,0.9080935716167691,0.001,0.8959169333339313,0.4304923862269029
5340,1.4702715810060483,0.9096722278444245,0.001,0.8959083464337558,0.4283102426696015
5360,1.4411467481652285,0.9112028255822964,0.001,0.895899802985535,0.42614496226091936
5380,1.4122269479007479,0.912688113411655,0.001,0.8958913027369388,0.4239885683870771
5400,1.3835101463702666,0.9141308234559097,0.001,0.8958828455878359,0.42183377782666576
5420,1.3549943493638106,0.9155336516221508,0.001,0.8958744315767803,0.4196739662145224
5440,1.3266776049081586,0.9168992412845783,0.001,0.8958660608682301,0.41750312988430294
5460,1.2985580053603158,0.9182301699866551,0.001,0.8958577337405546,0.41531584561654444
5480,1.2706336890454992,0.9195289387718906,0.001,0.8958494505748552,0.4131072295929542
5500,1.2429028414916072,0.9207979637855405,0.001,0.8958412118446073,0.4108728966588043
5520,1.2153636963083445,0.9220395698203423,0.001,0.895833018106103,0.4086089208211062
5540,1.1880145357550334,0.9232559855082383,0.001,0.8958248699896671,0.4063117977582609
5560,1.160853691036942,0.9244493398866702,0.001,0.8958167681915936,0.4039784099846173
5580,1.1338795423655672,0.9256216600924415,0.001,0.8958087134667467,0.4016059951991095
5600,1.1070905188140678,0.9267748699584493,0.001,0.8958007066217586,0.3991921182492349
5620,1.0804850979947134,0.9279107893088637,0.001,0.8957927485087451,0.3967346470593743
5640,1.0540618055811424,0.92903113376677,0.001,0.8957848400194606,0.3942317328051974
5660,1.027819214694116,0.9301375149049187,0.001,0.8957769820798013,0.39168179456409746
5680,1.0017559451657096,0.9312314405851607,0.001,0.8957691756445667,0.38908350863572505
5700,0.9758706626930683,0.932314315345313,0.001,0.8957614216923857,0.3864358027084221
5720,0.950162077889431,0.9333874407035241,0.001,0.8957537212207051,0.38373785504853364
5740,0.9246289452366361,0.9344520152595016,0.001,0.8957460752407408,0.38098909891340604
5760,0.8992700619401364,0.9355091344788953,0.001,0.8957384847722832,0.3781892324391135
5780,0.8740842666842872,0.936559790051323,0.001,0.8957309508382455,0.37533823433602065
5800,0.8490704382825502,0.9376048687133647,0.001,0.895723474458832,0.37243638584561806
5820,0.8242274942139923,0.9386451504246982,0.001,0.8957160566451973,0.36948429957915463
5840,0.7995543890340938,0.9396813057774956,0.001,0.8957086983924473,0.3664829560822419
5860,0.7750501126442473,0.9407138925053248,0.001,0.8957014006718205,0.3634337492610352
5880,0.7507136884002412,0.9417433509371425,0.001,0.8956941644218539,0.3603385421756771
5900,0.7265441710353813,0.9427699982137658,0.001,0.8956869905383067,0.35719973516266423
5920,0.702540644368405,0.9437940210485665,0.001,0.8956798798625704,0.3540203487857947
5940,0.6787022187598339,0.9448154667727912,0.001,0.8956728331682383,0.35080412470573513
5960,0.655028028272547,0.9458342323644552,0.001,0.895665851145437,0.3475556481178092
5980,0.6315172274831051,0.9468500511306829,0.001,0.8956589343824471,0.3442804957498402
6000,0.6081689878794123,0.947862476722135,0.001,0.8956520833440633,0.3409854131630904
6020,0.5849824937683609,0.9488708642516073,0.001,0.8956452983460762,0.3376785235710331
6040,0.561956937604814,0.9498743485469906,0.001,0.8956385795252602,0.33436956641744675
6060,0.5390915146433815,0.9508718201144144,0.001,0.8956319268043532,0.3310701557755803
6080,0.5163854168112236,0.9518619003809298,0.001,0.8956253398518614,0.32779403405111546
6100,0.4938378257112979,0.9528429193730247,0.001,0.8956188180372326,0.32455727384977096
6120,0.47144790470235276,0.9538129011499289,0.001,0.8956123603831864,0.3213783516845771
6140,0.44921479007754805,0.9547695645976454,0.001,0.8956059655188113,0.31827799045815
6160,0.4271375814879692,0.955710348437938,0.001,0.8955996316392069,0.31527866364196805
6180,0.40521533192652487,0.9566324677596493,0.001,0.8955933564792056,0.31240369986160726
6200,0.38344703777210604,0.9575330037233415,0.001,0.8955871373089028,0.3096760350595084
6220,0.3618316295362123,0.958409019186439,0.001,0.8955809709562891,0.30711679979284084
6240,0.34036796398891966,0.9592576845883393,0.001,0.8955748538573892,0.3047440251081902
6260,0.3190548182327275,0.9600763950486488,0.001,0.8955687821286135,0.30257173237520985
6280,0.29789088606429304,0.960862862969253,0.001,0.895562751651927,0.3006095441265415
6300,0.27687477668754323,0.9616151781003709,0.001,0.8955567581624324,0.29886279172209596
6320,0.25600501559720557,0.9623318349033917,0.001,0.895550797329731,0.2973329839759707
6340,0.23528004728953733,0.9630117323152979,0.001,0.8955448648276181,0.2960184684387968
6360,0.21469823938574553,0.9636541531742531,0.001,0.8955389563898273,0.2949151430952275
6380,0.19425788775461794,0.9642587304814689,0.001,0.8955330678518774,0.29401712486044806
6400,0.17395722226580124,0.9648254064775095,0.001,0.8955271951804613,0.2933173268663654
6420,0.1537944128698057,0.9653543890093107,0.001,0.8955213344924015,0.2928079289476438
6440,0.13376757576838227,0.9658461082771477,0.001,0.8955154820652999,0.2924807447247903
6460,0.11387477950051063,0.9663011759326215,0.001,0.8955096343418228,0.29232749776107986
6480,0.0941140508210119,0.9667203476656139,0.001,0.8955037879292833,0.2923400222443487
6500,0.07448338029019766,0.9671044898305617,0.001,0.8954979395958645,0.2925104033612901
6520,0.05498072752474073,0.967454550266716,0.001,0.895492086264553,0.29283107078380183
6540,0.03560402608373738,0.967771533213287,0.001,0.8954862250055888,0.2932948564757183
6560,0.01635118798113602,0.9680564780676535,0.001,0.8954803530280542,0.29389502585447846
6580,-0.002779892172061626,0.9683104416519319,0.001,0.8954744676710575,0.29462528941987526
6600,-0.02179133338416126,0.9685344836171983,0.001,0.8954685663948345,0.29547980035521143
6620,-0.040685264840556214,0.9687296546091501,0.001,0.8954626467720112,0.296453142307298
6640,-0.05946382278252191,0.9688969868324576,0.001,0.8954567064791831,0.29754031052400365
6660,-0.07812914768485311,0.9690374866755773,0.001,0.8954507432889209,0.2987366887264225
6680,-0.09668338170953004,0.9691521290880464,0.001,0.8954447550622673,0.30003802347373704
6700,-0.11512866641271267,0.9692418534346988,0.001,0.8954387397417602,0.3014403973046778
6720,-0.13346714068299614,0.9693075605836002,0.001,0.8954326953450001,0.3029402015784429
6740,-0.15170093888985714,0.969350111015407,0.001,0.8954266199587545,0.3045341096648597
6760,-0.16983218922237572,0.9693703237705185,0.001,0.8954205117335937,0.3062190509281476
6780,-0.1878630121996447,0.9693689760764376,0.001,0.8954143688790331,0.30799218579527754
6800,-0.20579551933558513,0.9693468035210531,0.001,0.8954081896591647,0.3098508820863244
6820,-0.22363181194225376,0.9693045006581317,0.001,0.8954019723887444,0.31179269270098564
6840,-0.24137398005699115,0.9692427219493386,0.001,0.8953957154297129,0.31381533469519035
6860,-0.2590241014800252,0.9691620829627301,0.001,0.8953894171881202,0.31591666973904
6880,-0.2765842409103169,0.969063161761165,0.001,0.8953830761114255,0.3180946859176699
6900,-0.29405644916849893,0.9689465004256322,0.001,0.8953766906861506,0.32034748081692027
6920,-0.31144276249681874,0.9688126066683704,0.001,0.8953702594358547,0.3226732458232591
6940,-0.32874520192688705,0.9686619554990151,0.001,0.8953637809194146,0.3250702515604189
6960,-0.3459657727069307,0.9684949909140957,0.001,0.8953572537295824,0.32753683438212133
6980,-0.36310646378100014,0.9683121275861619,0.001,0.8953506764918049,0.3300713838400085
7000,-0.3801692473133282,0.9681137525338092,0.001,0.8953440478632826,0.3326723310476468
7020,-0.39715607825163857,0.9679002267580596,0.001,0.8953373665322528,0.33533813786448663
7040,-0.41406889392387547,0.9676718868340093,0.001,0.8953306312174837,0.3380672868276519
7060,-0.43090961366324776,0.9674290464495495,0.001,0.8953238406679581,0.34085827176381056
7080,-0.4476801384570714,0.9671719978853371,0.001,0.8953169936627424,0.3437095890181197
7100,-0.46438235061525984,0.9669010134321482,0.001,0.8953100890110224,0.3466197292419583
7120,-0.48101811345473217,0.966616346743356,0.001,0.895303125552299,0.34958716968588327
7140,-0.49758927099638917,0.9663182341215845,0.001,0.8952961021567335,0.3526103669487378
7160,-0.5140976476715743,0.9660068957396547,0.001,0.8952890177256324,0.35568775013817655
7180,-0.5305450480352806,0.96568253679681,0.001,0.8952818711920669,0.35881771440190585
7200,-0.5469332564836005,0.9653453486119141,0.001,0.8952746615216155,0.3619986147927021
7220,-0.563264036973173,0.9649955096558817,0.001,0.8952673877132289,0.3652287604337718
7240,-0.5795391327405655,0.9646331865260657,0.001,0.8952600488002068,0.36850640895418285
7260,-0.5957602660197697,0.964258534865717,0.001,0.8952526438512844,0.37182976116705574
7280,-0.6119291377561165,0.9638717002319336,0.001,0.8952451719718225,0.3751969559658213
7300,-0.6280474273151178,0.9634728189157861,0.001,0.8952376323050975,0.378606065416289
7320,-0.6441167921848716,0.9630620187185434,0.001,0.8952300240336881,0.38205509002443117
7340,-0.6601388676707731,0.9626394196881142,0.001,0.8952223463809554,0.38554195416176323
7360,-0.6761152665814556,0.9622051348200141,0.001,0.895214598612611,0.38906450163197537
7380,-0.6920475789049199,0.9617592707273517,0.001,0.8952067800383751,0.3926204913640999
7400,-0.7079373714739752,0.9613019282844986,0.001,0.8951988900137167,0.3962075932189138
7420,-0.7237861876201445,0.9608332032493059,0.001,0.8951909279416806,0.39982338389665745
7440,-0.7395955468153318,0.9603531868689141,0.001,0.89518289327479,0.4034653429353391
7460,-0.755366944300557,0.9598619664744195,0.001,0.8951747855170327,0.40713084879003886
7480,-0.7711018507011989,0.9593596260698931,0.001,0.8951666042259225,0.4108171749847099
7500,-0.7868017116281745,0.9588462469214937,0.001,0.8951583490146388,0.4145214863289436
7520,-0.8024679472646256,0.9583219081526982,0.001,0.8951500195542382,0.4182408351932261
7540,-0.8181019519376418,0.9577866873519746,0.001,0.8951416155759438,0.4219721578371226
7560,-0.8337050936746786,0.957240661199565,0.001,0.8951331368735045,0.4257122707858748
7580,-0.8492787137443256,0.9566839061204083,0.001,0.8951245833056273,0.4294578672518877
7600,-0.8648241261811271,0.9561164989706424,0.001,0.8951159547984816,0.43320551359868364
7620,-0.8803426172942037,0.9555385177655623,0.001,0.8951072513482713,0.4369516458460582
7640,-0.8958354451594734,0.954950042457397,0.001,0.89509847302388,0.4406925662164089
7660,-0.9113038390952394,0.9543511557717838,0.001,0.8950896199695821,0.44442443972361917
7680,-0.9267489991210531,0.9537419441123802,0.001,0.8950806924078213,0.44814329080739607
7700,-0.9421720953996784,0.95312249854366,0.001,0.8950716906420589,0.4518450000176502
7720,-0.9575742676620693,0.9524929158625797,0.001,0.8950626150596841,0.4555253007554545
7740,-0.9729566246153422,0.9518532997704843,0.001,0.8950534661349916,0.45917977607922406
7760,-0.9883202433336515,0.9512037621573513,0.001,0.8950442444322209,0.46280385558719017
7780,-1.0036661686319996,0.9505444245112135,0.001,0.8950349506086585,0.4663928123899372
7800,-1.0189954124230292,0.9498754194663981,0.001,0.895025585417797,0.46994176018982226
7820,-1.0343089530568255,0.9491968925050205,0.001,0.8950161497125539,0.4734456504874974
7840,-1.0496077346438815,0.9485090038269888,0.001,0.8950066444485434,0.47689926993957876
7860,-1.0648926663613654,0.9478119304046005,0.001,0.8949970706873991,0.48029723789579004
7880,-1.0801646217428666,0.9471058682386081,0.001,0.8949874296001441,0.4836340041486502
7900,-1.095424437951939,0.9463910348333984,0.001,0.8949777224706047,0.4869038469341004
7920,-1.1106729150396804,0.9456676719096428,0.001,0.8949679506988583,0.4901008712273153
7940,-1.125910815186806,0.9449360483733724,0.001,0.894958115804715,0.4932190073844813
7960,-1.1411388619306517,0.9441964635609211,0.001,0.8949482194312196,0.49625201018846044
7980,-1.1563577393776316,0.9434492507794807,0.001,0.8949382633481698,0.49919345836414275
8000,-1.171568091401875,0.9426947811630741,0.001,0.8949282494556379,0.5020367546379156
8020,-1.1867705208307384,0.9419334678635315,0.001,0.8949181797874828,0.5047751264250373
8040,-1.2019655886181464,0.9411657705954337,0.001,0.8949080565148453,0.5074016272389003
8060,-1.2171538130067556,0.9403922005529272,0.001,0.8948978819496021,0.5099091389271314
8080,-1.2323356686801838,0.9396133257146485,0.001,0.8948876585477689,0.5122903748512553
8100,-1.2475115859066788,0.9388297765506651,0.001,0.8948773889128256,0.5145378841392049
8120,-1.262681949675805,0.9380422521421543,0.001,0.894867075798948,0.5166440571531897
8140,-1.277847098830011,0.937251526720372,0.001,0.8948567221141114,0.5186011323294135
8160,-1.2930073251931196,0.9364584566261401,0.001,0.8948463309230459,0.520401204560497
8180,-1.3081628726981147,0.9356639876843795,0.001,0.8948359054500025,0.5220362353063276
8200,-1.3233139365169293,0.9348691629799658,0.001,0.894825449081299,0.5234980646339973
8220,-1.338460662195218,0.9340751310111445,0.001,0.8948149653676042,0.5247784254023259
8240,-1.3536031447955599,0.9332831541846662,0.001,0.8948044580259101,0.5258689598208754
8260,-1.3687414280528933,0.9324946176024819,0.001,0.8947939309411498,0.5267612386267959
8280,-1.383875503546452,0.9317110380730055,0.001,0.8947833881673991,0.5274467831349434
8300,-1.3990053098930113,0.9309340732604353,0.001,0.8947728339286078,0.5279170904266992
8320,-1.4141307319666996,0.9301655308631633,0.001,0.894762272618787,0.5281636619501491
8340,-1.429251600151275,0.9294073776868519,0.001,0.8947517088015925,0.528178035807859
8360,-1.4443676896313276,0.9286617484491613,0.001,0.8947411472092152,0.527951823007405
8380,-1.4594787197295263,0.9279309541214765,0.001,0.8947305927405066,0.5274767479430144
8400,-1.4745843532977474,0.9272174895784264,0.001,0.8947200504582464,0.5267446933628415
8420,-1.489684196170488,0.9265240402889021,0.001,0.8947095255854615,0.5257477500542176
8440,-1.504777796689894,0.9258534877431776,0.001,0.8946990235006997,0.5244782714472975
8460,-1.5198646453123066,0.9252089132704832,0.001,0.8946885497321602,0.5229289332942113
8480,-1.5349441743070276,0.9245935998610754,0.001,0.8946781099505731,0.5210927985247911
8500,-1.5500157575588014,0.9240110315679902,0.001,0.89466770996073,0.518963387309614
8520,-1.5650787104861175,0.9234648900281335,0.001,0.894657355691558,0.5165347522751532
8540,-1.5801322900882295,0.9229590476124423,0.001,0.8946470531846356,0.513801558713305
8560,-1.595175695134303,0.922497556693294,0.001,0.8946368085810558,0.5107591695075571
8580,-1.6102080665087228,0.9220846345072425,0.001,0.8946266281065439,0.5074037343606882
8600,-1.6252284877269927,0.9217246430960642,0.001,0.8946165180547506,0.5037322827543409
8620,-1.6402359856369377,0.9214220638327076,0.001,0.8946064847686536,0.4997428199008268
8640,-1.65522953132014,0.9211814660849529,0.001,0.8945965346200163,0.4954344247644039
8660,-1.670208041208381,0.9210074696421127,0.001,0.8945866739868734,0.4908073490369471
8680,-1.6851703784296939,0.9209047006323169,0.001,0.8945769092290395,0.4858631157567774
8700,-1.7001153543980434,0.9208777407924079,0.001,0.894567246661662,0.48060461606643584
8720,-1.715041730659882,0.9209310701207101,0.001,0.8945576925268724,0.4750362024243488
8740,-1.7299482210097297,0.9210690031447535,0.001,0.8945482529636285,0.4691637764274196
8760,-1.744833493885478,0.9212956192692633,0.001,0.8945389339758706,0.4629948692794553
8780,-1.7596961750524132,0.9216146879296526,0.001,0.8945297413991681,0.45653871286857417
8800,-1.774534850582851,0.9220295895553413,0.001,0.8945206808660571,0.4498062994116829
8820,-1.789348070135908,0.9225432336348481,0.001,0.8945117577703253,0.442810427703357
8840,-1.8041343505392378,0.9231579754570303,0.001,0.8945029772305277,0.4355657341885184
8860,-1.8188921796717563,0.9238755333635078,0.001,0.8944943440530527,0.42808870738192084
8880,-1.833620020643204,0.9246969085673252,0.001,0.8944858626950859,0.42039768460086374
8900,-1.8483163162634957,0.925622309752015,0.001,0.8944775372278276,0.4125128305776718
8920,-1.8629794937915756,0.9266510847431191,0.001,0.8944693713003277,0.40445609828905055
8940,-1.8776079699509294,0.927781661522198,0.001,0.8944613681042795,0.39625117328971643
8960,-1.892200156196427,0.9290115007164793,0.001,0.8944535303400797,0.38792340396788333
8980,-1.906754464215506,0.9303370614369811,0.001,0.8944458601843992,0.37949972143543215
9000,-1.9212693116459112,0.9317537819552023,0.001,0.8944383592594207,0.37100855418280754
9020,-1.9357431279925377,0.9332560762183207,0.001,0.8944310286037827,0.3624797440725965
9040,-1.9501743607276045,0.9348373466405252,0.001,0.8944238686451191,0.35394447152474784
9060,-1.964561481561766,0.9364900130386632,0.001,0.8944168791739239,0.34543519849386883
9080,-1.9789029928787156,0.9382055571130813,0.001,0.8944100593182956,0.33698563738243137
9100,-1.993197434332158,0.9399745816830919,0.001,0.8944034075189803,0.32863075119609814
9120,-2.0074433896110158,0.9417868842316238,0.001,0.8943969215040903,0.32040678310129544
9140,-2.0216394933845088,0.9436315455496511,0.001,0.8943905982630489,0.3123512992541646
9160,-2.0357844384398263,0.9454970367861849,0.001,0.8943844340198734,0.3045032039437661
9180,-2.0498769830161514,0.9473713521917118,0.001,0.8943784242071027,0.29690264860670046
9200,-2.0639159583111937,0.9492421797213357,0.001,0.894372563443721,0.28959070998962744
9220,-2.0779002760810776,0.9510971252120514,0.001,0.8943668455233631,0.2826086756141103
9240,-2.0918289361649673,0.952924003555844,0.001,0.8943612634223179,0.27599678537654126
9260,-2.105701033647719,0.9547111967203713,0.001,0.8943558093389522,0.26979238572653524
9280,-2.1195157652538352,0.9564480523384911,0.001,0.8943504747748834,0.26402767284603307
9300,-2.133272434492877,0.9581252671680962,0.001,0.8943452506619609,0.25872745585845014
9320,-2.146970455101311,0.9597351856719489,0.001,0.8943401275288438,0.2539074954754115
9340,-2.1606093524681373,0.961271959093403,0.001,0.8943350956907631,0.24957384330958074
9360,-2.174188762956799,0.962731548797938,0.001,0.894330145440842,0.24572327721640225
9380,-2.187708431271259,0.9641115974436825,0.001,0.8943252672230698,0.2423445985268097
9400,-2.2011682061912303,0.9654112140232628,0.001,0.8943204517737708,0.239420393193338
9420,-2.214568035089193,0.9666307206002027,0.001,0.894315690226399,0.23692887923855627
9440,-2.227907957647467,0.9677713976050673,0.001,0.8943109741808669,0.23484558366669842
9460,-2.2411880991454787,0.9688352503214985,0.001,0.8943062957423223,0.2331447240261495
9480,-2.2544086636147216,0.9698248072669441,0.001,0.8943016475356967,0.23180026700546894
9500,-2.267569927082993,0.970742953195186,0.001,0.8942970227022589,0.23078669132887022
9520,-2.2806722310618337,0.9715927949498487,0.001,0.8942924148835797,0.23007950504828795
9540,-2.293715976376134,0.9723775563081214,0.001,0.894287818197251,0.22965557114397983
9560,-2.306701617392932,0.9731004973036043,0.001,0.8942832272076694,0.2294932900060803
9580,-2.3196296566758963,0.9737648536291345,0.001,0.8942786368943113,0.22957267880896826
9600,-2.3325006400706325,0.9743737921802796,0.001,0.8942740426192203,0.2298753790317342
9620,-2.3453151522115223,0.9749303793770699,0.001,0.8942694400948862,0.23038461569812368
9640,-2.358073812431755,0.9754375594776019,0.001,0.8942648253532851,0.23108512567267434
9660,-2.3707772710526545,0.9758981406189957,0.001,0.8942601947165687,0.23196306750493187
9680,-2.3834262060256854,0.9763147867699703,0.001,0.8942555447696671,0.23300592165377373
9700,-2.3960213198993703,0.9766900141534465,0.001,0.8942508723349337,0.23420238721127884
9720,-2.4085633370836277,0.9770261910034291,0.001,0.8942461744488532,0.23554227926325016
9740,-2.4210530013848586,0.9773255397671464,0.001,0.8942414483407721,0.23701642959152344
9760,-2.4334910737865947,0.9775901410606492,0.001,0.8942366914135641,0.23861659240023458
9780,-2.4458783304520963,0.9778219388427134,0.001,0.8942319012261186,0.24033535602586698
9800,-2.45821556092714,0.9780227463956441,0.001,0.8942270754775293,0.24216606108803757
9820,-2.4705035665229484,0.9781942527989955,0.001,0.8942222119928487,0.24410272519422108
9840,-2.482743158861055,0.9783380296586237,0.001,0.8942173087102822,0.2461399740824172
9860,-2.49493515856348,0.9784555379132216,0.001,0.8942123636696953,0.24827297893863695
9880,-2.5070803940732342,0.978548134587035,0.001,0.8942073750023084,0.25049739953705086
9900,-2.5191797005915997,0.9786170793936129,0.001,0.8942023409214761,0.25280933280249107
9920,-2.531233919120005,0.9786635411233954,0.001,0.8941972597144382,0.2552052663750405
9940,-2.543243895595436,0.9786886037694733,0.001,0.8941921297349525,0.25768203675562906
9960,-2.555210480109618,0.9786932723623142,0.001,0.8941869493967203,0.2602367916234086
9980,-2.5671345262030503,0.9786784784967646,0.001,0.8941817171675243,0.26286695593541076
10000,-2.5790168902259207,0.9786450855440494,0.001,0.894176431564009,0.26557020144341514
10020,-2.5908584307588516,0.9785938935484968,0.001,0.8941710911470374,0.26834441928973274
10040,-2.6026600080869837,0.9785256438138303,0.001,0.8941656945175648,0.27118769537108534
10060,-2.6144224837217442,0.9784410231875345,0.001,0.8941602403129824,0.27409828818699344
10080,-2.6261467199650923,0.9783406680543469,0.001,0.8941547272038763,0.2770746089152373
10100,-2.637833579511655,0.9782251680515919,0.001,0.8941491538911663,0.28011520348175195
10120,-2.6494839250846307,0.9780950695200907,0.001,0.8941435191035827,0.28321873641533857
10140,-2.661098619101679,0.9779508787048969,0.001,0.8941378215954495,0.2863839762989008
10160,-2.672678523367544,0.9777930647202414,0.001,0.8941320601447439,0.2896097826483962
10180,-2.684224498790334,0.9776220622929386,0.001,0.8941262335514036,0.29289509406838754
10200,-2.6957374051188197,0.9774382742981667,0.001,0.8941203406358588,0.29623891754913595
10220,-2.7072181006982947,0.9772420741010608,0.001,0.8941143802377689,0.29964031878463154
10240,-2.718667442242848,0.9770338077169851,0.001,0.8941083512149406,0.30309841340391563
10260,-2.7300862846220624,0.9768137958027198,0.001,0.8941022524424149,0.3066123590197061
10280,-2.7414754806603874,0.9765823354901343,0.001,0.894096082811704,0.31018134800869807
10300,-2.7528358809476035,0.9763397020732418,0.001,0.8940898412301662,0.3138046009472244
10320,-2.764168333658942,0.9760861505588605,0.001,0.8940835266205056,0.31748136063420584
10340,-2.775473684383572,0.9758219170904349,0.001,0.8940771379203852,0.32121088664064734
10360,-2.786752775960279,0.9755472202539457,0.001,0.894070674082145,0.3249924503315305
10380,-2.798006448319329,0.9752622622742089,0.001,0.8940641340726145,0.3288253303116964
10400,-2.809235538329508,0.9749672301092918,0.001,0.8940575168730123,0.3327088082524888
10420,-2.8204408796495617,0.9746622964502172,0.001,0.8940508214789246,0.33664216506050704
10440,-2.8316233025831874,0.9743476206326078,0.001,0.8940440469003604,0.34062467735380836
10460,-2.842783633936971,0.9740233494664413,0.001,0.8940371921618695,0.3446556142145697
10480,-2.853922696880552,0.97368961798963,0.001,0.8940302563027257,0.3487342341902833
10500,-2.8650413108085306,0.9733465501507195,0.001,0.8940232383771675,0.3528597825184643
10520,-2.876140291203553,0.9729942594256134,0.001,0.894016137454691,0.35703148855225575
10540,-2.8872204495001514,0.9726328493728635,0.001,0.8940089526203936,0.36124856336655037
10560,-2.898282592948916,0.9722624141317354,0.001,0.894001682975363,0.36551019752617114
10580,-2.9093275244805876,0.9718830388669542,0.001,0.8939943276371095,0.36981555899933927
10600,-2.920356042569814,0.9714948001637461,0.001,0.8939868857400387,0.37416379120121607
10620,-2.9313689410981687,0.9710977663765339,0.001,0.8939793564359614,0.3785540111535661
10640,-2.9423670092162424,0.9706919979344076,0.001,0.8939717388946412,0.3829853077478191
10660,-2.9533510312045195,0.9702775476062675,0.001,0.8939640323043738,0.387456740099814
10680,-2.964321786332789,0.969854460728339,0.001,0.8939562358725992,0.39196733598537514
10700,-2.975280048717973,0.9694227753965742,0.001,0.8939483488265438,0.3965160903467475
10720,-2.986226587180098,0.9689825226262825,0.001,0.8939403704138931,0.40110196386053437
10740,-2.997162165096291,0.9685337264811897,0.001,0.8939322999034903,0.4057238815584304
10760,-3.0080875402526597,0.9680764041739686,0.001,0.8939241365860656,0.41038073149258303
10780,-3.0190034646938897,0.9676105661401723,0.001,0.8939158797749861,0.4150713634378544
10800,-3.029910684570456,0.9671362160873784,0.001,0.8939075288070375,0.41979458762368155
10820,-3.04080993998334,0.9666533510212457,0.001,0.8938990830432275,0.42454917348858523
10840,-3.0517019648261168,0.9661619612500996,0.001,0.8938905418696134,0.42933384845067313
10860,-3.062587486624357,0.9656620303695701,0.001,0.8938819046981564,0.4341472966877739
10880,-3.073467226372235,0.9651535352287401,0.001,0.8938731709675992,0.43898815792103063
10900,-3.084341898366254,0.9646364458791913,0.001,0.8938643401443674,0.4438550261960268
10920,-3.0952122100360078,0.9641107255082842,0.001,0.893855411723496,0.44874644865563995
10940,-3.1060788617719335,0.9635763303579641,0.001,0.8938463852295813,0.45366092429902133
10960,-3.116942546749937,0.9630332096303397,0.001,0.8938372602177552,0.4585969027211684
10980,-3.1278039507528628,0.9624813053812716,0.001,0.8938280362746883,0.4635527828277037
11000,-3.138663751988705,0.9619205524031721,0.001,0.8938187130196169,0.4685269115195613
11020,3.1336626862740826,0.9613508780982213,0.001,0.893809290105397,0.4735175823423396
11040,3.122804087176718,0.960772202343212,0.001,0.8937997672195866,0.47852303409518393
11060,3.1119451035395618,0.9601844373472398,0.001,0.893790144085555,0.48354144939409005
11080,3.1010850893392274,0.9595874875034921,0.001,0.8937804204636223,0.48857095318460725
11100,3.090223407087262,0.9589812492364266,0.001,0.8937705961522286,0.49360961119892766
11120,3.079359428032886,0.9583656108456835,0.001,0.8937606709891355,0.4986554283524655
11140,3.068492532369542,0.9577404523481506,0.001,0.8937506448526593,0.5037063470749924
11160,3.05762210944525,0.957105645319678,0.001,0.8937405176629392,0.5087602455715378
11180,3.0467475579769467,0.9564610527380545,0.001,0.8937302893832407,0.5138149360082476
11200,3.0358682862688213,0.9558065288289759,0.001,0.8937199600212957,0.5188681626185174
11220,3.0249837124348127,0.9551419189168837,0.001,0.893709529630683,0.5239175997247448
11240,3.014093264625361,0.9544670592827263,0.001,0.8936989983122461,0.528960849671172
11260,3.0031963812584643,0.9537817770308834,0.001,0.8936883662155575,0.5339954406633949
11280,2.9922925112552616,0.9530858899677344,0.001,0.8936776335404228,0.5390188245102121
11300,2.9813811142801776,0.9523792064945994,0.001,0.893666800538435,0.5440283742636897
11320,2.9704616609858037,0.9516615255180726,0.001,0.8936558675145744,0.5490213817534758
11340,2.959533633262652,0.9509326363811106,0.001,0.8936448348288611,0.5539950550116294
11360,2.9485965244938996,0.950192318818603,0.001,0.8936337028980572,0.5589465155845065
11380,2.937649839815306,0.9494403429415746,0.001,0.8936224721974265,0.5638727957285472
11400,2.926693096380449,0.94867646925464,0.001,0.8936111432625516,0.5687708354872043
11420,2.9157258236314445,0.9479004487118594,0.001,0.8935997166912092,0.5736374796466893
11440,2.9047475635753135,0.9471120228167272,0.001,0.8935881931453078,0.578469474568733
11460,2.8937578710662035,0.9463109237726816,0.001,0.8935765733528913,0.5832634648991851
11480,2.8827563140936197,0.9454968746912404,0.001,0.8935648581102094,0.5880159901519786
11500,2.871742474076877,0.9446695898656836,0.001,0.8935530482838561,0.5927234811688351
11520,2.860715946165961,0.9438287751190705,0.001,0.8935411448129816,0.5973822564560421
11540,2.849676339549005,0.9429741282363708,0.001,0.8935291487115794,0.6019885184007644
11560,2.838623277766603,0.9421053394915555,0.001,0.8935170610708487,0.6065383493706252
11580,2.827556399033139,0.9412220922816685,0.001,0.8935048830616366,0.6110277077018069
11600,2.8164753565653844,0.9403240638811957,0.001,0.8934926159369625,0.6154524235825828
11620,2.8053798189185533,0.9394109263314425,0.001,0.8934802610346245,0.6198081948411807
11640,2.7942694703300437,0.9384823474811668,0.001,0.893467819779892,0.6240905826490561
11660,2.7831440110710735,0.9375379921963655,0.001,0.8934552936882849,0.6282950071532024
11680,2.7720031578064455,0.9365775237589052,0.001,0.8934426843684391,0.6324167430539808
11700,2.7608466439626036,0.935600605475604,0.001,0.8934299935250632,0.6364509151481854
11720,2.7496742201042346,0.9346069025214346,0.001,0.8934172229619837,0.6403924938607174
11740,2.7384856543195704,0.9335960840427163,0.001,0.8934043745852782,0.6442362907923449
11760,2.7272807326145707,0.932567825548472,0.001,0.8933914504064999,0.6479769543156606
11780,2.7160592593161614,0.93152181162058,0.001,0.8933784525459862,0.651608965256477
11800,2.704821057484662,0.9304577389758857,0.001,0.8933653832362545,0.6551266327036968
11820,2.693565969335499,0.9293753199160724,0.001,0.8933522448254789,0.658524089997094
11840,2.6822938566703205,0.9282742862037663,0.001,0.8933390397810462,0.6617952909495454
11860,2.6710046013175384,0.9271543934060527,0.001,0.8933257706931829,0.6649340063681146
11880,2.6596981055822995,0.9260154257492368,0.001,0.8933124402786482,0.6679338209470671
11900,2.6483742927058604,0.9248572015312467,0.001,0.893299051384486,0.6707881306153628
11920,2.6370331073342546,0.9236795791404531,0.001,0.8932856069918227,0.6734901404315844
11940,2.625674515996075,0.9224824637317819,0.001,0.8932721102197012,0.6760328631305241
11960,2.6142985075891443,0.9212658146126951,0.001,0.8932585643289355,0.6784091184379037
11980,2.6029050938757448,0.920029653392759,0.001,0.8932449727259711,0.6806115332828343
12000,2.591494309985942,0.918774072950943,0.001,0.8932313389667287,0.6826325430517336
12020,2.5800662149285256,0.9174992472742814,0.001,0.8932176667604123,0.6844643940423556
12040,2.5686208921088363,0.9162054422198286,0.001,0.8932039599732524,0.6860991472923879
12060,2.5571584498527273,0.9148930272486904,0.001,0.8931902226321577,0.6875286839735455
12080,2.5456790219356606,0.9135624881759524,0.001,0.8931764589282409,0.6887447125591405
12100,2.534182768115818,0.9122144409732102,0.001,0.8931626732201787,0.6897387779904833
12120,2.522669874669902,0.910849646650702,0.001,0.8931488700373673,0.6905022730849674
12140,2.511140554930068,0.909469027233287,0.001,0.8931350540828238,0.691026452445882
12160,2.499595049820219,0.9080736828282009,0.001,0.8931212302357783,0.691302449150542
12180,2.4880336283896445,0.9066649097620962,0.001,0.8931074035539043,0.6913212945086096
12200,2.4764565883416574,0.9052442197397871,0.001,0.8930935792751161,0.6910739411960135
12220,2.464864256554654,0.9038133599467598,0.001,0.8930797628188664,0.6905512900806917
12240,2.4532569895926284,0.9023743339813278,0.001,0.8930659597868653,0.6897442210638643
12260,2.44163517420188,0.9009294234597567,0.001,0.8930521759631378,0.6886436282634443
12280,2.4299992277902374,0.8994812100883073,0.001,0.8930384173133291,0.6872404598635555
12300,2.4183495988847707,0.8980325979396181,0.001,0.8930246899831616,0.6855257629444951
12320,2.4066867675635017,0.8965868356070174,0.001,0.8930110002959389,0.6834907335895753
12340,2.395011245856264,0.8951475378393456,0.001,0.8929973547489912,0.6811267725374683
12360,2.3833235781093642,0.8937187061811344,0.001,0.8929837600089475,0.6784255466093464
12380,2.3716243413082645,0.8923047480594062,0.001,0.8929702229057161,0.6753790560876884
12400,2.359914145352079,0.8909104936704111,0.001,0.8929567504250542,0.671979708156158
12420,2.348193633273216,0.8895412099293273,0.001,0.8929433496996048,0.6682203964261934
12440,2.3364634813950294,0.8882026106562255,0.001,0.8929300279982804,0.6640945864740739
12460,2.3247243994200493,0.8869008620860904,0.001,0.8929167927138738,0.659596407191251
12480,2.3129771304408284,0.8856425827140495,0.001,0.8929036513487839,0.6547207476097567
12500,2.301222450865265,0.8844348364247593,0.001,0.8928906114987514,0.6494633587032446
12520,2.2894611702479257,0.8832851178136495,0.001,0.8928776808345125,0.6438209594830469
12540,2.2776941310187415,0.8822013285948099,0.001,0.8928648670812936,0.6377913465089213
12560,2.265922208100364,0.8811917440136853,0.001,0.8928521779960885,0.6313735057180769
12580,2.254146308405485,0.8802649682507492,0.001,0.8928396213426866,0.624567725247301
12600,2.242367370205639,0.879429877923138,0.001,0.8928272048644482,0.6173757076862738
12620,2.2305863623632765,0.8786955529722624,0.001,0.8928149362548559,0.6098006799619999
12640,2.2188042834194417,0.8780711944726549,0.001,0.8928028231259111,0.6018474988224523
12660,2.2070221605299953,0.8775660292144118,0.001,0.8927908729744872,0.593522749671559
12680,2.1952410482442954,0.8771892012989084,0.001,0.8927790931467967,0.584834836318256
12700,2.183462027121259,0.8769496514412247,0.001,0.8927674908011811,0.5757940590515597
12720,2.171686202179082,0.8768559851840984,0.001,0.892756072869487,0.5664126783541782
12740,2.159914701176423,0.8769163317826986,0.001,0.8927448460173407,0.556704961532122
12760,2.148148672724585,0.8771381960966538,0.001,0.8927338166036968,0.5466872095798062
12780,2.13638928423216,0.8775283063992783,0.001,0.8927229906400753,0.5363777617306899
12800,2.12463771968578,0.8780924615524852,0.001,0.8927123737499666,0.5257969753721398
12820,2.112895177272821,0.8788353814644245,0.001,0.892701971128912,0.5149671793363358
12840,2.101162866854321,0.879760565108756,0.001,0.8926917875058142,0.5039125990194221
12860,2.0894420072988753,0.8808701606039765,0.001,0.8926818271060486,0.49265925232641994
12880,2.0777338236905836,0.8821648518966908,0.001,0.8926720936169674,0.4812348160825026
12900,2.066039544426716,0.8836437664396903,0.001,0.8926625901563826,0.46966846327831924
12920,2.054360398222884,0.8853044078900373,0.001,0.8926533192445996,0.45799067230945323
12940,2.04269761104569,0.8871426172725994,0.001,0.8926442827805453,0.44623301020255807
12960,2.0310524029945833,0.8891525652737053,0.001,0.8926354820224776,0.4344278926638719
12980,2.0194259851562615,0.8913267773755873,0.001,0.8926269175737088,0.42260832460606884
13000,2.007819556455879,0.8936561924568869,0.001,0.892618589373683,0.41080762557104417
13020,1.9962343005301342,0.8961302543211546,0.001,0.8926104966946591,0.3990591451327553
13040,1.984671382647371,0.8987370344355918,0.001,0.8926026381441434,0.38739597390029124
13060,1.9731319466994754,0.9014633830316676,0.001,0.8925950116730924,0.3758506561139929
13080,1.9616171122894535,0.9042951047019991,0.001,0.8925876145897971,0.3644549100074421
13100,1.9501279719371325,0.9072171537824878,0.001,0.8925804435792193,0.3532393620706802
13120,1.9386655884234922,0.9102138441835637,0.001,0.8925734947274474,0.3422333010737521
13140,1.9272309922917585,0.9132690679646237,0.001,0.8925667635508162,0.33146445717661926
13160,1.9158251795206158,0.9163665168511961,0.001,0.8925602450291393,0.3209588106441974
13180,1.9044491093818905,0.9194899010787186,0.001,0.892553933642427,0.3107404335858196
13200,1.8931037024917952,0.9226231603978842,0.001,0.8925478234104017,0.30083136672752825
13220,1.8817898390617873,0.9257506627665266,0.001,0.8925419079341056,0.2912515314857441
13240,1.8705083573518742,0.9288573871387529,0.001,0.8925361804389136,0.282018675537834
13260,1.8592600523268128,0.9319290877829651,0.001,0.8925306338183129,0.273148347711124
13280,1.8480456745135168,0.9349524386350994,0.001,0.8925252606779402,0.26465389544972917
13300,1.8368659290570182,0.9379151572139092,0.001,0.8925200533795071,0.25654647562416744
13320,1.8257214749722912,0.940806108453693,0.001,0.89251500408447,0.24883506749502274
13340,1.8146129245905687,0.9436153892854361,0.001,0.8925101047975219,0.24152647596354337
13360,1.8035408432014381,0.9463343947649262,0.001,0.8925053474102165,0.23462531477663742
13380,1.7925057488953893,0.9489558659205913,0.001,0.8925007237451936,0.22813396398106472
13400,1.7815081126156815,0.9514739183521765,0.001,0.8924962256015152,0.22205250394509496
13420,1.7705483584314663,0.9538840492783399,0.001,0.892491844801461,0.21637863875935864
13440,1.7596268640457449,0.9561831197736,0.001,0.8924875732387716,0.2111076322441463
13460,1.7487439615500644,0.9583693089945463,0.001,0.8924834029277756,0.20623228638477928
13480,1.7378999384327158,0.9604420386748455,0.001,0.8924793260522419,0.20174299133604173
13500,1.7270950388384285,0.9624018689353664,0.001,0.89247533501229,0.19762786697594986
13520,1.7163294650666099,0.964250369790748,0.001,0.892471422467456,0.19387300051712475
13540,1.7056033792837109,0.9659899756238044,0.001,0.8924675813740937,0.19046276771041273
13560,1.6949169054154758,0.9676238315084718,0.001,0.892463805015693,0.1873802118716878
13580,1.6842701311778885,0.9691556402783608,0.001,0.892460087025297,0.18460744854496303
13600,1.673663110202633,0.9705895179057024,0.001,0.8924564213998346,0.18212606439311127
13620,1.6630958642133045,0.9719298626465223,0.001,0.8924528025067685,0.1799174849268316
13640,1.6525683852120678,0.9731812411279077,0.001,0.8924492250838733,0.1779632941361132
13660,1.6420806376417978,0.9743482925431857,0.001,0.8924456842332058,0.17624549753819702
13680,1.6316325604949984,0.9754356505993861,0.001,0.8924421754104291,0.1747467271037731
13700,1.6212240693472466,0.9764478818648479,0.001,0.8924386944106186,0.17345039140486992
13720,1.61085505829896,0.9773894386215336,0.001,0.8924352373515902,0.1723407772230691
13740,1.6005254018146402,0.9782646241230119,0.001,0.892431800655638,0.17140311016294268
13760,1.5902349564532166,0.9790775681819082,0.001,0.8924283810304193,0.17062358201020608
13780,1.5799835624867906,0.9798322111669499,0.001,0.8924249754495819,0.1699893520836124
13800,1.5697710454078142,0.9805322947119242,0.001,0.8924215811335752,0.1694885289801867
13820,1.5595972173269907,0.9811813576822253,0.001,0.8924181955309882,0.16911013812853254
13840,1.5494618782655825,0.9817827361822101,0.001,0.8924148163006399,0.1688440795833288
13860,1.5393648173469399,0.9823395666038507,0.001,0.8924114412945897,0.16868107959235118
13880,1.5293058138927091,0.9828547909078015,0.001,0.8924080685421545,0.16861263868078336
13900,1.5192846384295184,0.9833311634905466,0.001,0.892404696234981,0.16863097833580448
13920,1.509301053612147,0.9837712591271172,0.001,0.892401322713187,0.16872898783249407
13940,1.499354815069076,0.9841774815905978,0.001,0.8923979464525531,0.16890017230787255
13960,1.489445672176299,0.9845520726405051,0.001,0.8923945660527345,0.1691386028482499
13980,1.4795733687649126,0.9848971211452597,0.001,0.8923911802264424,0.16943886909079578
14000,1.4697376437678753,0.9852145721624176,0.001,0.8923877877895475,0.16979603463911702
14020,1.4599382318109062,0.9855062358466565,0.001,0.8923843876520422,0.17020559544217972
14040,1.4501748637522494,0.9857737960920016,0.001,0.8923809788098039,0.17066344117556134
14060,1.440447267175641,0.9860188188433215,0.001,0.8923775603370993,0.1711658195849536
14080,1.4307551668405787,0.9862427600342916,0.001,0.8923741313797735,0.17170930369689114
14100,1.4210982850935872,0.9864469731260895,0.001,0.8923706911490634,0.17229076176520805
14120,1.4114763422439247,0.98663271623412,0.001,0.8923672389159847,0.1729073297990686
14140,1.4018890569068998,0.9868011588398795,0.001,0.8923637740062457,0.17355638650611485
14160,1.3923361463177035,0.9869533880923838,0.001,0.8923602957956356,0.17423553047945056
14180,1.382817326618325,0.9870904147088747,0.001,0.8923568037058475,0.17494255945785347
14200,1.3733323131200543,0.9872131784883182,0.001,0.892353297200697,0.17567545149292488
14220,1.3638808205437063,0.9873225534537512,0.001,0.8923497757826975,0.17643234786384032
14240,1.3544625632395815,0.9874193526411839,0.001,0.8923462389899612,0.17721153758887756
14260,1.3450772553890151,0.9875043325536969,0.001,0.8923426863933934,0.17801144339231897
14280,1.3357246111891183,0.9875781972997527,0.001,0.892339117594155,0.17883060899521652
14300,1.326404345022271,0.9876416024347296,0.001,0.8923355322213642,0.17966768760838697
14320,1.3171161716116964,0.98769515852438,0.001,0.8923319299300184,0.18052143151576816
14340,1.307859806164402,0.9877394344483803,0.001,0.8923283103991133,0.18139068264558014
14360,1.2986349645025617,0.987774960461467,0.001,0.8923246733299406,0.18227436403567746
14380,1.2894413631844377,0.9878022310288698,0.001,0.8923210184445486,0.183171472107774
14400,1.2802787196156946,0.9878217074519239,0.001,0.8923173454843494,0.18408106967303461
14420,1.2711467521520423,0.9878338202988605,0.001,0.8923136542088576,0.18500227959869298
14440,1.262045180193898,0.9878389716549024,0.001,0.8923099443945515,0.1859342790720038
14460,1.2529737242738173,0.9878375372049144,0.001,0.8923062158338415,0.1868762944038914
14480,1.2439321061373012,0.9878298681609987,0.001,0.8923024683341375,0.18782759632020832
14500,1.2349200488175929,0.9878162930466049,0.001,0.8922987017170076,0.18878749569353706
14520,1.2259372767049475,0.9877971193479251,0.001,0.892294915817415,0.18975533967310332
14540,1.2169835156108921,0.9877726350425889,0.001,0.8922911104830299,0.19073050817446413
14560,1.208058492827869,0.987743110014957,0.001,0.8922872855736089,0.19171241069444944
14580,1.199161937184702,0.9877087973666336,0.001,0.8922834409604338,0.19270048342019147
14600,1.1902935790982245,0.9876699346301868,0.001,0.8922795765258059,0.1936941866041691
14620,1.1814531506213801,0.9876267448934655,0.001,0.8922756921625896,0.19469300217996882
14640,1.172640385488132,0.98757943784135,0.001,0.8922717877738027,0.19569643159593247
14660,1.1638550191554313,0.9875282107212545,0.001,0.8922678632722465,0.19670399384613646
14680,1.1550967888424784,0.9874732492382177,0.001,0.8922639185801746,0.19771522368017175
14700,1.1463654335675355,0.9874147283849692,0.001,0.8922599536289942,0.19872966997498653
14720,1.1376606941824758,0.9873528132119509,0.001,0.892255968359,0.19974689425374717
14740,1.1289823134052637,0.9872876595418779,0.001,0.8922519627191352,0.20076646933809755
14760,1.1203300358505257,0.9872194146330807,0.001,0.8922479366667792,0.20178797812157329
14780,1.1117036080583902,0.9871482177955324,0.001,0.8922438901675577,0.20281101245308228
14800,1.1031027785217113,0.9870742009631663,0.001,0.892239823195174,0.20383517212048347
14820,1.0945272977118425,0.9869974892258077,0.001,0.8922357357312614,0.2048600639252247
14840,1.0859769181030399,0.9869182013237865,0.001,0.8922316277652502,0.20588530083990902
14860,1.0774513941956205,0.9868364501080591,0.001,0.8922274992942537,0.20691050124143756
14880,1.0689504825380074,0.9867523429684439,0.001,0.8922233503229674,0.20793528821304735
14900,1.060473941747674,0.9866659822323821,0.001,0.8922191808635809,0.2089592889092891
14920,1.0520215325311448,0.9865774655364383,0.001,0.8922149909357028,0.20998213397846488
14940,1.0435930177031048,0.9864868861725893,0.001,0.8922107805662975,0.21100345703763984
14960,1.0351881622046748,0.9863943334111909,0.001,0.89220654978963,0.21202289419577905
14980,1.0268067331209039,0.9862998928023655,0.001,0.8922022986472203,0.213040083620997
15000,1.018448499697581,0.9862036464574172,0.001,0.8921980271878075,0.21405466514826962
15020,1.0101132333573841,0.9861056733117609,0.001,0.8921937354673194,0.21506627992433983
15040,1.0018007077154203,0.9860060493707355,0.001,0.8921894235488498,0.21607457008681327
15060,0.9935106985941915,0.9859048479395642,0.001,0.8921850915026426,0.21707917847478017
15080,0.9852429840380529,0.9858021398386323,0.001,0.8921807394060788,0.2180797483684967
15100,0.976997344327185,0.9856979936051604,0.001,0.8921763673436721,0.21907592325594072
15120,0.9687735619910823,0.9855924756822676,0.001,0.8921719754070657,0.22006734662422756
15140,0.9605714218216517,0.9854856505963454,0.001,0.8921675636950349,0.22105366177409153
15160,0.9523907108858833,0.9853775811235922,0.001,0.8921631323134928,0.22203451165579874
15180,0.9442312185381643,0.985268328446491,0.001,0.8921586813754976,0.22300953872500645
15200,0.9360927364322228,0.9851579523009585,0.001,0.892154211001265,0.2239783848172398
15220,0.9279750585327631,0.985046511114828,0.001,0.892149721318182,0.2249406910397827
15240,0.9198779811267551,0.9849340621382912,0.001,0.8921452124608212,0.22589609767988766
15260,0.9118013028344448,0.9848206615668633,0.001,0.8921406845709596,0.2268442441283327
15280,0.903744824620063,0.9847063646574009,0.001,0.8921361377975956,0.22778476881744386
15300,0.8957083498022791,0.9845912258376565,0.001,0.8921315722969695,0.2287173091727696
15320,0.8876916840643685,0.9844752988098163,0.001,0.8921269882325844,0.22964150157771873
15340,0.8796946354641446,0.9843586366484381,0.001,0.8921223857752267,0.2305569813505101
15360,0.8717170144436328,0.9842412918931612,0.001,0.8921177651029879,0.23146338273286107
15380,0.8637586338385047,0.9841233166365476,0.001,0.8921131264012853,0.23236033888990656
15400,0.855819308887297,0.984004762607366,0.001,0.8921084698628853,0.23324748192089695
15420,0.8478988572403705,0.9838856812496215,0.001,0.8921037956879219,0.2341244428802581
15440,0.839997098968674,0.9837661237975944,0.001,0.8920991040839198,0.234990851808686
15460,0.8321138565722532,0.9836461413471426,0.001,0.8920943952658127,0.23584633777392444
15480,0.8242489549885765,0.9835257849234843,0.001,0.8920896694559629,0.23669052892097878
15500,0.8164022216005996,0.9834051055456767,0.001,0.8920849268841791,0.23752305253151942
15520,0.8085734862446335,0.9832841542879677,0.001,0.8920801677877322,0.23834353509226291
15540,0.8007625812179939,0.9831629823381964,0.001,0.8920753924113721,0.23915160237215688
15560,0.7929693412863998,0.9830416410533913,0.001,0.8920706010073391,0.2399468795082246
15580,0.7851936036911806,0.982920182012701,0.001,0.8920657938353773,0.24072899109992613
15600,0.7774352081562276,0.9827986570677837,0.001,0.8920609711627433,0.241497561311957
15620,0.7696939968947186,0.9826771183907551,0.001,0.8920561332642134,0.24225221398538316
15640,0.7619698146156259,0.9825556185197959,0.001,0.8920512804220901,0.24299257275703573
15660,0.7542625085299465,0.9824342104024935,0.001,0.8920464129262041,0.2437182611871532
15680,0.7465719283567124,0.9823129474369916,0.001,0.8920415310739146,0.2444289028951924
15700,0.7388979263287402,0.9821918835109997,0.001,0.8920366351701063,0.2451241217038091
15720,0.7312403571981183,0.9820710730387125,0.001,0.8920317255271837,0.2458035417909857
15740,0.7235990782414174,0.9819505709956737,0.001,0.8920268024650632,0.24646678785031498
15760,0.7159739492646532,0.9818304329516069,0.001,0.8920218663111601,0.2471134852594135
15780,0.7083648326079311,0.9817107151012323,0.001,0.8920169174003736,0.24774326025651067
15800,0.7007715931498263,0.981591474293075,0.001,0.8920119560750677,0.24835574012519537
15820,0.6931940983114503,0.9814727680562583,0.001,0.8920069826850471,0.24895055338735989
15840,0.6856322180602051,0.9813546546252762,0.001,0.8920019975875321,0.24952733000434407
15860,0.6780858249132292,0.9812371929627212,0.001,0.8919970011471265,0.25008570158630195
15880,0.67055479394049,0.9811204427799413,0.001,0.8919919937357831,0.25062530160981183
15900,0.6630390027675622,0.9810044645555891,0.001,0.8919869757327633,0.2511457656437387
15920,0.6555383315780277,0.9808893195520253,0.001,0.8919819475245927,0.2516467315833595
15940,0.6480526631155201,0.9807750698295189,0.001,0.8919769095050133,0.25212783989276466
15960,0.6405818826853982,0.9806617782581951,0.001,0.8919718620749273,0.25258873385551167
15980,0.6331258781560211,0.9805495085276636,0.001,0.891966805642341,0.253029059833546
16000,0.6256845399596149,0.9804383251542601,0.001,0.8919617406222974,0.25344846753435124
16020,0.6182577610927411,0.9803282934858242,0.001,0.8919566674368088,0.25384661028630073
16040,0.6108454371163146,0.9802194797039379,0.001,0.8919515865147797,0.2542231453221653
16060,0.6034474661551923,0.9801119508235336,0.001,0.8919464982919266,0.2545777340707206
16080,0.5960637488972975,0.9800057746897876,0.001,0.891941403210691,0.25491004245637666
16100,0.5886941885922696,0.9799010199721981,0.001,0.8919363017201456,0.25521974120673263
16120,0.5813386910496311,0.97979775615576,0.001,0.8919311942758953,0.25550650616795506
16140,0.5739971646364492,0.9796960535291226,0.001,0.8919260813399719,0.25577001862784166
16160,0.5666695202744704,0.979595983169636,0.001,0.8919209633807211,0.25600996564641393
16180,0.559355671436745,0.979497616925175,0.001,0.8919158408726839,0.2562260403938721
16200,0.5520555341436624,0.9794010273926347,0.001,0.8919107142964707,0.2564179424956998
16220,0.5447690269584631,0.9793062878929837,0.001,0.8919055841386286,0.2565853783846964
16240,0.5374960709821407,0.9792134724427706,0.001,0.891900450891501,0.25672806165967116
16260,0.5302365898477431,0.9791226557219694,0.001,0.8918953150530815,0.2568457134505346
16280,0.5229905097140812,0.9790339130380578,0.001,0.8918901771268579,0.2569380627894375
16300,0.5157577592587744,0.9789473202862168,0.001,0.8918850376216523,0.2570048469876419
16320,0.5085382696706788,0.9788629539055508,0.001,0.891879897051449,0.2570458120177138
16340,0.5013319746416198,0.9787808908312231,0.001,0.8918747559352188,0.25706071290063426
16360,0.49413881035746116,0.9787012084424093,0.001,0.8918696147967343,0.2570493140973768
16380,0.4869587154884685,0.9786239845059755,0.001,0.8918644741643755,0.25701138990444033
16400,0.4797916311789536,0.9785492971157972,0.001,0.8918593345709303,0.25694672485283065
16420,0.47263750103618973,0.9784772246276332,0.001,0.8918541965533846,0.2568551141098996
16440,0.4654962711185733,0.9784078455894882,0.001,0.8918490606527053,0.2567363638834489
16460,0.45836788992302196,0.9783412386673972,0.001,0.8918439274136164,0.25659029182743254
16480,0.45125230837159563,0.9782774825665816,0.001,0.8918387973843647,0.25641672744856675
16500,0.44414947979730407,0.9782166559479354,0.001,0.8918336711164784,0.256215512513123
16520,0.43705935992911954,0.9781588373398112,0.001,0.8918285491645191,0.2559865014531055
16540,0.4299819068761478,0.9781041050450936,0.001,0.8918234320858224,0.2557295617710095
16560,0.4229170811109602,0.9780525370435582,0.001,0.8918183204402329,0.2554445744422839
16580,0.4158648454520671,0.9780042108895335,0.001,0.8918132147898312,0.25513143431460383
16600,0.4088251650455282,0.9779592036049002,0.001,0.8918081156986518,0.2547900505029871
16620,0.4017980073456547,0.9779175915674776,0.001,0.8918030237323934,0.2544203467797891
16640,0.3947833420948493,0.9778794503948738,0.001,0.891797939458122,0.2540222619585223
16660,0.38778114130250835,0.9778448548238876,0.001,0.8917928634439662,0.25359575027045433
16680,0.3807913792230058,0.9778138785855807,0.001,0.8917877962588043,0.2531407817328685
16700,0.3738140323327746,0.9777865942761594,0.001,0.891782738471946,0.25265734250784083
16720,0.36684907930641636,0.9777630732238275,0.001,0.8917776906528048,0.25214543525038097
16740,0.3598965009918716,0.9777433853517958,0.001,0.8917726533705651,0.25160507944471694
16760,0.3529562803846536,0.9777275990376668,0.001,0.8917676271938421,0.251036311727496
16780,0.34602840260109474,0.9777157809694326,0.001,0.8917626126903349,0.2504391861966561
16800,0.3391128548506388,0.9777079959983557,0.001,0.8917576104264754,0.24981377470468563
16820,0.33220962640717083,0.9777043069890278,0.001,0.8917526209670691,0.2491601671349693
16840,0.3253187085793408,0.9777047746669325,0.001,0.8917476448749326,0.24847847165994846
16860,0.3184400946799664,0.9777094574638647,0.001,0.8917426827105243,0.24776881497973963
16880,0.31157377999441366,0.9777184113615912,0.001,0.8917377350315726,0.2470313425399278
16900,0.30471976174801846,0.9777316897341588,0.001,0.8917328023926981,0.24626621872721569
16920,0.2978780390725509,0.9777493431892931,0.001,0.8917278853450334,0.24547362704160794
16940,0.2910486129717023,0.9777714194093551,0.001,0.8917229844358394,0.2446537702438592
16960,0.2842314862856168,0.9777979629923464,0.001,0.8917181002081181,0.24380687047690053
16980,0.2774266636544671,0.9778290152934876,0.001,0.8917132332002241,0.2429331693600083
17000,0.27063415148109954,0.9778646142679119,0.001,0.891708383945475,0.24203292805449056
17020,0.2638539578927409,0.9779047943150437,0.001,0.8917035529717592,0.24110642729973747
17040,0.2570860927017873,0.9779495861252541,0.001,0.8916987408011451,0.2401539674184955
17060,0.2503305673657104,0.977999016529403,0.001,0.8916939479494884,0.23917586829029897
17080,0.2435873949460477,0.9780531083518943,0.001,0.8916891749260434,0.23817246929206043
17100,0.23685659006656096,0.978111880267891,0.001,0.8916844222330722,0.23714412920486289
17120,0.23013816887053243,0.9781753466653442,0.001,0.891679690365459,0.23609122608610625
17140,0.22343214897723887,0.978243517512499,0.001,0.8916749798103255,0.23501415710622847
17160,0.21673854943764553,0.9783163982315558,0.001,0.891670291046652,0.2339133383493029
17180,0.21005739068932042,0.9783939895791537,0.001,0.8916656245448993,0.23278920457693628
17200,0.2033886945106081,0.9784762875343559,0.001,0.89166098076664,0.2316422089549818
17220,0.19673248397410298,0.9785632831948036,0.001,0.891656360164193,0.23047282274269393
17240,0.19008878339943405,0.9786549626816995,0.001,0.8916517631802644,0.2292815349440785
17260,0.18345761830543997,0.9787513070542676,0.001,0.8916471902475979,0.22806885192130416
17280,0.17683901536169572,0.978852292234323,0.001,0.8916426417886306,0.2268352969701924
17300,0.1702330023395189,0.9789578889415577,0.001,0.8916381182151609,0.22558140985791061
17320,0.1636396080624221,0.9790680626401264,0.001,0.8916336199280227,0.22430774632316214
17340,0.15705886235610092,0.979182773497088,0.001,0.8916291473167726,0.22301487753928115
17360,0.150490795997984,0.9793019763532154,0.001,0.8916247007593862,0.22170338954082233
17380,0.1439354406663829,0.9794256207066544,0.001,0.8916202806219679,0.22037388261434354
17400,0.13739282888930807,0.9795536507098713,0.001,0.8916158872584725,0.21902697065427126
17420,0.13086299399298668,0.9796860051802669,0.001,0.8916115210104401,0.2176632804848599
17440,0.12434597005014551,0.9798226176247982,0.001,0.8916071822067446,0.2162834511494165
17460,0.11784179182809011,0.9799634162788861,0.001,0.8916028711633568,0.2148881331681342
17480,0.11135049473664664,0.9801083241598291,0.001,0.8915985881831244,0.21347798776598254
17500,0.10487211477603303,0.980257259134878,0.001,0.8915943335555647,0.21205368607228975
17520,0.0984066884846855,0.9804101340040675,0.001,0.8915901075566759,0.21061590829377597
17540,0.09195425288712271,0.9805668565978242,0.001,0.8915859104487638,0.20916534286292396
17560,0.08551484544187865,0.9807273298893122,0.001,0.8915817424802872,0.20770268556372962
17580,0.07908850398959415,0.9808914521213898,0.001,0.89157760388572,0.20622863863697333
17600,0.0726752667012947,0.9810591169479951,0.001,0.8915734948854319,0.2047439098672777
17620,0.06627517202692394,0.9812302135896906,0.001,0.8915694156855858,0.20324921165433585
17640,0.05988825864419894,0.9814046270030337,0.001,0.8915653664780574,0.20174526007077379
17660,0.053514565407827556,0.9815822380633593,0.001,0.8915613474403704,0.2002327739092004
17680,0.047154131299159505,0.9817629237604943,0.001,0.891557358735653,0.1987124737210951
17700,0.040806995376331076,0.9819465574068487,0.001,0.8915534005126118,0.19718508085020955
17720,0.034473196724937476,0.9821330088572607,0.001,0.891549472905527,0.1956513164632419
17740,0.028152774409318005,0.9823221447399141,0.001,0.8915455760342663,0.19411190058057576
17760,0.02184576742448967,0.9825138286975645,0.001,0.8915417100043174,0.19256755110987137
17780,0.015552214648800121,0.9827079216382819,0.001,0.8915378749068399,0.19101898288534822
17800,0.009272154797323174,0.9829042819948293,0.001,0.8915340708187385,0.18946690671556246
17820,0.0030056263760856365,0.9831027659917744,0.001,0.8915302978027512,0.1879120284424824
17840,-0.003247332362849641,0.9833032279193697,0.001,0.8915265559075607,0.18635504801461253
17860,-0.009486683465389455,0.9835055204132043,0.001,0.8915228451679197,0.18479665857689218
17880,-0.0157123893184425,0.9837094947385938,0.001,0.8915191656047972,0.183237545580016
17900,-0.02192441269198171,0.9839150010786535,0.001,0.891515517225542,0.1816783859117606
17920,-0.028122716780008838,0.9841218888249669,0.001,0.8915119000240637,0.18011984705278902
17940,-0.034307265240483394,0.9843300068697612,0.001,0.8915083139810265,0.17856258625934332
17960,-0.04047802223408454,0.9845392038984861,0.001,0.8915047590640649,0.17700724977507212
17980,-0.046634952461843196,0.9847493286816897,0.001,0.8915012352280102,0.17545447207416498
18000,-0.05277802120155024,0.9849602303650978,0.001,0.8914977424151347,0.17390487513777494
18020,-0.05890719434295683,0.9851717587568101,0.001,0.8914942805554084,0.17235906776562063
18040,-0.06502243842171523,0.9853837646105477,0.001,0.8914908495667692,0.170817644924449
18060,-0.07112372065203892,0.9855960999039136,0.001,0.8914874493554066,0.16928118713493148
18080,-0.07721100895805173,0.9858086181106556,0.001,0.8914840798160565,0.16775025989833742
18100,-0.083284272003826,0.9860211744659648,0.001,0.8914807408323068,0.16622541316420938
18120,-0.08934347922207438,0.9862336262238814,0.001,0.8914774322769143,0.16470718084005326
18140,-0.09538860084148078,0.9864458329059299,0.001,0.8914741540121307,0.16319608034386496
18160,-0.10141960791267608,0.9866576565401562,0.001,0.891470905890035,0.16169261220017075
18180,-0.10743647233282468,0.986868961889808,0.001,0.8914676877528772,0.16019725968002949
18200,-0.11343916686883432,0.9870796166709415,0.001,0.8914644994334255,0.1587104884852741
18220,-0.11942766517919473,0.9872894917583227,0.001,0.8914613407553208,0.15723274647711932
18240,-0.12540194183440742,0.9874984613790455,0.001,0.8914582115334362,0.15576446344901518
18260,-0.1313619723360477,0.9877064032933643,0.001,0.8914551115742405,0.1543060509435082
18280,-0.13730773313445385,0.9879131989623101,0.001,0.8914520406761648,0.1528579021126863
18300,-0.1432392016450232,0.9881187337017264,0.001,0.8914489986299705,0.15142039162158666
18320,-0.14915635626318166,0.9883228968224455,0.001,0.8914459852191209,0.14999387559383903
18340,-0.15505917637797267,0.988525581756382,0.001,0.8914430002201513,0.14857869159861792
18360,-0.16094764238434275,0.9887266861684135,0.001,0.8914400434030402,0.14717515867787007
18380,-0.1668217356940853,0.9889261120539674,0.001,0.8914371145315796,0.14578357741262504
18400,-0.17268143874552727,0.9891237658223202,0.001,0.891434213363743,0.14440423002710506
18420,-0.17852673501189417,0.9893195583656785,0.001,0.8914313396520498,0.14303738052918824
18440,-0.18435760900846304,0.9895134051141702,0.001,0.8914284931439302,0.1416832748857327
18460,-0.1901740462984782,0.9897052260769437,0.001,0.8914256735820819,0.14034214123114508
18480,-0.1959760334978617,0.9898949458696307,0.001,0.8914228807048258,0.13901419010749647
18500,-0.20176355827877884,0.9900824937284836,0.001,0.8914201142464538,0.13769961473444367
18520,-0.20753660937202184,0.9902678035115501,0.001,0.8914173739375726,0.13639859130711868
18540,-0.2132951765683457,0.9904508136872993,0.001,0.8914146595054417,0.13511127932016137
18560,-0.21903925071867242,0.9906314673111468,0.001,0.891411970674302,0.133837821915961
18580,-0.22476882373329538,0.9908097119903866,0.001,0.8914093071657001,0.13257834625522297
18600,-0.23048388858005306,0.9909854998380493,0.001,0.8914066686988045,0.13133296390790358
18620,-0.23618443928155083,0.9911587874162517,0.001,0.8914040549907117,0.13010177126260186
18640,-0.24187047091143785,0.9913295356696304,0.001,0.8914014657567467,0.12888484995245994
18660,-0.24754197958978302,0.9914977098494607,0.001,0.8913989007107519,0.12768226729567692
18680,-0.25319896247761114,0.9916632794290952,0.001,0.8913963595653711,0.12649407674874522
18700,-0.2588414177705913,0.9918262180113585,0.001,0.8913938420323189,0.1253203183705583
18720,-0.2644693446919634,0.9919865032285499,0.001,0.8913913478226461,0.12416101929557403
18740,-0.27008274348470657,0.9921441166357092,0.001,0.8913888766469924,0.12301619421427704
18760,-0.2756816154030014,0.9922990435977965,0.001,0.8913864282158296,0.1218858458592204
18780,-0.2812659627030316,0.9924512731714467,0.001,0.8913840022396963,0.12076996549501376
18800,-0.28683578863313053,0.9926007979819403,0.001,0.8913815984294216,0.11966853341064987
18820,-0.2923910974233659,0.9927476140960284,0.001,0.8913792164963399,0.11858151941267543
18840,-0.297931894274534,0.9928917208912419,0.001,0.8913768561524953,0.11750888331773772
18860,-0.30345818534665825,0.9930331209222889,0.001,0.8913745171108363,0.11645057544317079
18880,-0.3089699777469852,0.9931718197851396,0.001,0.8913721990853998,0.1154065370942999
18900,-0.31446727951754405,0.9933078259793665,0.001,0.8913699017914876,0.11437670104726846
18920,-0.31995009962228615,0.9934411507692945,0.001,0.8913676249458308,0.11336099202626104
18940,-0.3254184479338369,0.9935718080444871,0.001,0.8913653682667468,0.11235932717406354
18960,-0.3308723352199137,0.9936998141800721,0.001,0.8913631314742856,0.11137161651500282
18980,-0.33631177312942495,0.993825187897382,0.001,0.8913609142903677,0.11039776340937497
19000,-0.34173677417827286,0.9939479501253602,0.001,0.8913587164389114,0.10943766499855836
19020,-0.34714735173492733,0.9940681238631531,0.001,0.8913565376459545,0.10849121264009413
19040,-0.3525435200057567,0.9941857340442817,0.001,0.8913543776397646,0.10755829233206837
19060,-0.3579252940201736,0.9943008074027548,0.001,0.8913522361509417,0.10663878512624196
19080,-0.3632926896156123,0.9944133723414637,0.001,0.8913501129125131,0.10573256752940981
19100,-0.36864572342237545,0.9945234588031558,0.001,0.8913480076600202,0.10483951189259251
19120,-0.37398441284834255,0.994631098144277,0.001,0.8913459201315982,0.10395948678765266
19140,-0.3793087760636154,0.99473632301192,0.001,0.8913438500680467,0.10309235737109321
19160,-0.38461883198509234,0.9948391672241101,0.001,0.8913417972128952,0.10223798573476568
19180,-0.3899146002609799,0.9949396656536179,0.001,0.8913397613124604,0.10139623124332489
19200,-0.3951961012553069,0.9950378541154682,0.001,0.8913377421158979,0.10056695085833449
19220,-0.4004633560319457,0.9951337692582918,0.000999991027607702,0.8913357393752459,0.0997499994483145
19240,-0.4057163862153923,0.9952274484598449,0.0009998563254086505,0.8913337528454657,0.09894522993240881
19260,-0.4109552134266574,0.9953189297285462,0.000999561935221507,0.8913317822844842,0.09815249290339988
19280,-0.41617985903548443,0.9954082516112025,0.0009991102476513602,0.8913298274532415,0.09737163667476861
19300,-0.42139034418120885,0.9954954531044595,0.0009985036227598124,0.8913278881157306,0.09660250765553861
19320,-0.42658668979991643,0.9955805735695613,0.0009977443897225312,0.8913259640390343,0.09584495071286378
19340,-0.43176891664997563,0.9956636526505479,0.0009968348465570073,0.8913240549933508,0.09509880951274416
19360,-0.43693704533601285,0.9957447301959904,0.000995777259916215,0.8913221607520145,0.09436392683947048
19380,-0.44209109633139065,0.9958238461843405,0.0009945738649439853,0.891320281091512,0.09364014489447497
19400,-0.4472310899992762,0.9959010406529486,0.0009932268651880463,0.8913184157914875,0.09292730557523152
19420,-0.45235704661237125,0.9959763536307812,0.0009917384325668075,0.8913165646347497,0.09222525073490632
19440,-0.45746898637134087,0.9960498250748511,0.0009901107073861158,0.8913147274072678,0.09153382242343552
19460,-0.4625669294220496,0.9961214948103491,0.0009883457984023378,0.8913129038981661,0.09085286311074181
19480,-0.46765089587162767,0.9961914024744566,0.0009864457829282713,0.8913110938997136,0.0901822158927782
19500,-0.47272090580344384,0.9962595874637972,0.0009844127069785252,0.8913092972073084,0.08952172468110497
19520,-0.47777697929104185,0.9963260888854759,0.0009822485854511457,0.8913075136194609,0.08887123437669021
19540,-0.4828191364110934,0.9963909455116399,0.0009799554023424094,0.8913057429377719,0.08823059102863334
19560,-0.48784739725539716,0.9964541957374851,0.000977535110991838,0.891303984966907,0.0875996419784874
19580,-0.4928617819420381,0.9965158775426215,0.0009749896343546225,0.8913022395145709,0.08697823599085422
19600,-0.4978623106256539,0.9965760284557053,0.0009723208652987862,0.8913005063914765,0.08636622337090923
19620,-0.5028490035069545,0.9966346855222358,0.000969530666924537,0.891298785411314,0.08576345606951163
19640,-0.5078218808414745,0.9966918852754114,0.0009666208729033934,0.8912970763907162,0.08516978777652552
19660,-0.512780962947611,0.9967476637099306,0.0009635932878347904,0.891295379149223,0.0845850740029602
19680,-0.5177262702140146,0.9968020562586258,0.0009604496876179969,0.8912936935092447,0.08400917215255777
19700,-0.5226578231063244,0.9968550977718135,0.0009571918198372886,0.891292019296023,0.08344194158336199
19720,-0.5275756421733286,0.996906822499231,0.0009538214041584374,0.8912903563375908,0.08288324365988782
19740,-0.5324797480525396,0.9969572640744521,0.0009503401327346918,0.8912887044647333,0.08233294179638437
19760,-0.5373701614752673,0.9970064555016489,0.0009467496706205259,0.8912870635109449,0.08179090149175967
19780,-0.54224690327116,0.9970544291445822,0.000943051656191538,0.8912854333123879,0.0812569903566408
19800,-0.5471099943722966,0.997101216717699,0.0009392477015689835,0.8912838137078501,0.08073107813308122
19820,-0.5519594558168193,0.9971468492792178,0.0009353393930475151,0.8912822045387027,0.08021303670737687
19840,-0.5567953087521522,0.9971913572260817,0.0009313282915248047,0.8912806056488548,0.0797027401164306
19860,-0.5616175744378327,0.9972347702906639,0.0009272159329317971,0.8912790168847143,0.0792000645481176
19880,-0.566426274247948,0.9972771175391133,0.0009230038286624476,0.891277438095141,0.07870488833605205
19900,-0.5712214296732424,0.9973184273712264,0.0009186934660018554,0.8912758691314071,0.07821709194915548
19920,-0.5760030623228815,0.9973587275217406,0.0009142863085518021,0.8912743098471523,0.0777365579764102
19940,-0.5807711939259088,0.9973980450629413,0.0009097837966527662,0.891272760098342,0.07726317110715605
19960,-0.585525846332404,0.9974364064084853,0.0009051873478015606,0.8912712197432272,0.07679681810728929
19980,-0.5902670415143787,0.9974738373183393,0.0009004983570638079,0.8912696886423008,0.0763373877916829
20000,-0.5949948015663866,0.9975103629047409,0.000895718197480534,0.8912681666582588,0.07588477099316862
